name,img,text
恶苗病,http://www.cgris.net/disease/01－水稻/images/0001%20水稻恶苗病田间发病情形.jpg,症状: 又称徒长病，全国各稻区均有发生。病谷粒播后常不发芽或不能出土。苗期发病病苗比健苗细高，叶片叶鞘细长，叶色淡黄，根系发育不良，部分病苗在移栽前死亡。
细菌性条斑病,http://www.cgris.net/disease/01－水稻/images/0057%20水稻细菌性条斑病发病初期病叶.jpg,"水稻细菌性条斑病　 
  症状: 又称细条病、条斑病。主要为害叶片。病斑初为暗绿色水浸状小斑，很快在叶脉间扩展为暗绿至黄褐色的细条斑，大小约1×10mm，病斑两端呈浸润型绿色。病斑上常溢出大量串珠状黄色菌脓，干后呈胶状小粒。白叶枯病斑上菌溢不多不常见到，而细菌性条斑上则常布满小珠状细菌液。发病严重时条斑融合成不规则黄褐至枯白大斑，与白叶枯类似，但对光看可见许多半透明条斑。病情严重时叶片卷曲，田间呈现一片黄白色。 
  病原: Xanthomonas oryzae pv.oryzicola (Fang,Ren, Chu, Faan, Wu) Swings称稻生黄单胞菌条斑致病变种，属黄单胞杆菌属细菌。菌体单生，短杆状，大小1-2×0.3-0.5℃(μm)，极生鞭毛一根，革兰氏染色阴性，不形成芽孢荚膜，在肉汁胨琼脂培养基上菌落圆形，周边整齐，中部稍隆起，蜜黄色。生理生化反应与白叶枯菌相似，不同之处该菌能使明胶液化，使牛乳胨化，使阿拉伯糖产酸，对青霉素、葡萄糖反应钝感，该力生长适温28-30℃。该菌与水稻白叶枯病菌的致病性和表现性状虽有很大不同，但其遗传性及生理生化性状又有很大相似性，故该菌应作为稻白叶枯病菌种内的一个变种。 
  传播途径和发病条件:  病菌主要由稻种、稻草和自生稻带菌传染，成为初侵染源，也不排除野生稻、李氏禾的交叉传染。病菌主要从伤口侵入，菌脓可借风、雨、露等传播后进行再侵染。高温高湿有利于病害发生。台风暴雨造成伤口，病害容易流行。偏施氮肥，灌水过深加重发病。 
  防治方法:  (1)加强检疫，把该菌列入检疫对象，防止调运带菌种子远距离传播。(2)选用抗(耐)病杂交稻，如桂31901，青华矮6号，双桂36，宁粳15号，珍桂矮1号，秋桂11，双朝25，广优，梅优，三培占1号，冀粳15号，博优等。(3)避免偏施、迟施氮肥，配合磷、钾肥，采用配方施肥技术。忌灌串水和深水。(4)药剂防治参见水稻白叶枯病。"
三化螟,http://www.cgris.net/disease/01－水稻/images/0465%20水稻三化螟幼虫为害水稻状.jpg,"水稻三化螟　  
  学名:Tryporyza incertulas (walker)鳞翅目，螟蛾科。异名Scirpophaga incertulas。别名钻心虫。分布在山东烟台以南各稻区。  寄主  水稻。只为害水稻或野生稻，是单食性害虫。  
  为害特点: 幼虫钻入稻茎蛀食为害，在寄主分蘖时出现枯心苗，孕穗期、抽穗期形成“枯孕穗”或“白穗”。严重的颗粒无收。近年三化螟的严重为害又呈上升趋势，其原因是多方面的。三化螟为害造成枯心苗，苗期、分蘖期幼虫啃食心叶，心叶受害或失水纵卷，稍褪绿或呈青白色，外形似葱管，称做假枯心，把卷缩的心叶抽出，可见断面整齐，多可见到幼虫，生长点遭破坏后，假枯心变黄死去成为枯心苗，这时其他叶片仍为青绿色。受害稻株蛀入孔小，孔外无虫粪，茎内有白色细粒虫粪。别于大螟、二化螟为害造成的枯心苗。  
  为害特点: 幼虫钻入稻茎蛀食为害，在寄主分蘖时出现枯心苗，孕穗期、抽穗期形成“枯孕穗”或“白穗”。严重的颗粒无收。近年三化螟的严重为害又呈上升趋势，其原因是多方面的。三化螟为害造成枯心苗，苗期、分蘖期幼虫啃食心叶，心叶受害或失水纵卷，稍褪绿或呈青白色，外形似葱管，称做假枯心，把卷缩的心叶抽出，可见断面整齐，多可见到幼虫，生长点遭破坏后，假枯心变黄死去成为枯心苗，这时其他叶片仍为青绿色。受害稻株蛀入孔小，孔外无虫粪，茎内有白色细粒虫粪。别于大螟、二化螟为害造成的枯心苗。  
  为害特点: 幼虫钻入稻茎蛀食为害，在寄主分蘖时出现枯心苗，孕穗期、抽穗期形成“枯孕穗”或“白穗”。严重的颗粒无收。近年三化螟的严重为害又呈上升趋势，其原因是多方面的。三化螟为害造成枯心苗，苗期、分蘖期幼虫啃食心叶，心叶受害或失水纵卷，稍褪绿或呈青白色，外形似葱管，称做假枯心，把卷缩的心叶抽出，可见断面整齐，多可见到幼虫，生长点遭破坏后，假枯心变黄死去成为枯心苗，这时其他叶片仍为青绿色。受害稻株蛀入孔小，孔外无虫粪，茎内有白色细粒虫粪。别于大螟、二化螟为害造成的枯心苗。 
  生活习性: 河南年生2—3代，安徽、浙江、江苏、云南3代，高温年份可生4代，广东5代，台湾6—7代，南亚热带10一12代。以老熟幼虫在稻茬内越冬。翌春气温高于16℃，越冬幼虫陆续化蛹、羽化。成虫白天潜伏在稻株下部，黄昏后飞出活动，有趋光性。羽化后1—2天即交尾，把卵产在生长旺盛的距叶尖6-10cm的稻叶叶面或叶背，分蘖盛期和孕穗末期产卵较多，拔节期、齐穗期、灌浆期较少。每雌产2—3个卵块。初孵幼虫称作“蚁螟”，蚁螟在分蘖期爬至叶尖后吐丝下垂，随风飘荡到邻近的稻株上，在距水面2cm左右的稻茎下部咬孔钻入叶鞘，从孵化到钻入历时30一50分钟，后蛀食稻茎形成枯心苗。在孕穗期或即将抽穗的稻田，蚁螟在包裹稻穗的叶鞘上咬孔或从叶鞘破口处侵入蛀害稻花，经4—5天，幼虫达到2龄，稻穗已抽出，开始转移到穗颈处咬孔向下蛀入，再经3—5天把茎节蛀穿或把稻穗咬断，形成白穗。由同一卵块上孵出的蚁螟为害附近的稻株，造成的枯心或白穗常成团出现，致田间出现“枯心团”或“白穗群”。老熟幼虫转移到健株上在茎内或茎壁咬一羽化孔，仅留一层表皮，后化蛹。羽化后破膜钻出。在热带可终年繁殖，但遇有旱季湿度不够时，末龄幼虫常蛰伏在稻根部，在温带不能终年繁殖，在低温季节则以末龄幼虫越冬。各虫态一般历期：卵7—16天，幼虫23—35天，蛹7—23天。三化螟为害稻株一般一株内只有1头幼虫，转株1—3次，幼虫共5龄。生产上单、双季稻混栽或中稻与一季稻混栽三化螟为害重。栽培上基肥充足，追肥及时，稻株生长健壮，抽穗迅速整齐的稻田受害轻，反之追肥过晚或偏施氮肥，稻易死亡不利其发生。但此间气温在24—29℃，相对湿度达90％以上利于该虫孵化和侵入。天敌主要有寄生蜂、稻螟赤眼蜂、黑卵蜂、啮小蜂、蜘蛛、青蛙、白僵菌等。 
  防治方法:  (1)预测预报。据各种稻田化蛹率；化蛹日期、蛹历期、交配产卵历期、卵历期，预测发蛾始盛期、高峰期、盛末期及蚁螟孵化的始盛期、高峰期和盛末期指导防治。(2)农业防治  ①适当调整水稻布局，避免混栽，减少桥梁田。②选用生长期适中的品种。③及时春耕沤田，处理好稻茬，减少越冬虫口。④选择无螟害或螟害轻的稻田或旱地作为绿肥留种田，生产上留种绿肥田因春耕晚，绝大部分幼虫在翻耕前已化蛹、羽化，生产上要注意杜绝虫源。⑤对冬作田、绿肥田灌跑马水，不仅利于作物生长，还能杀死大部分越冬螟虫。⑧及时春耕灌水，淹没稻茬7—10天，可淹死越冬幼虫和蛹。⑦栽培治螟。调节栽秧期，  采用抛秧法，使易遭蚁螟为害的生育阶段与蚁螟盛孵期错开，可避免或减轻受害。(3)保护利用天敌。(4)防治枯心在水稻分蘖期与蚁螟盛孵期吻合日期短于10天的稻田，掌握在蚁螟孵化高峰前1-2天，施用3％映喃丹颗粒剂，每667m2用1.5—2.5kg，拌细土15kg撒施后，田间保持3—5cm浅水层4—5天。当吻合日期超过10天时，则应在孵化始盛期施1次药，隔6—7天再施1次，方法同上。(5)防治白穗  在卵的盛孵期和破口吐穗期，采用早破口早用药，晚破口迟用药的原则，在破口露穗达5％-10％时，施第1次药，每667m2用25％杀虫双水剂150—200ml或50％杀螟松乳油100ml、40％氧化乐果加50％杀螟松乳油各50ml，拌湿润细土15kg撒入田间，也可用上述杀虫剂对水400kg泼浇或对水60—75kg喷雾。如三化螟发生量大，蚁螟的孵化期长或寄主孕穗、抽穗期长，应在第一次药后隔5天再施1-2次，方法同上。"
黑尾叶蝉,http://www.cgris.net/disease/01－水稻/images/0514%20水稻黑尾叶蝉成虫栖息在稻叶上.jpg,"水稻黑尾叶蝉　 
  学名:Nephotettix bipunctatus  (Fabricius) 异名N.cincticeps (Uhler)属同翅目，叶蝉科。分布在长江中上游和西南各省。寄主 水稻、茭白、慈姑、小麦、大麦、看麦娘、李氏禾、结缕草、稗草等。
  为害特点:黑尾叶蝉取食和产卵时刺伤寄主茎叶，破坏输导组织，受害处呈现棕褐色条斑，致植株发黄或枯死。
  形态特征:成虫体长4.5—6mm。黄绿色。头与前胸背板等宽，向前成钝圆角突出，头顶夏眼间接近前缘处有1条黑色横凹沟，内有1条黑色亚缘横带。复眼黑褐色，单眼黄绿色。雄虫额唇基区黑色，前唇基及颊区为淡黄绿色；雌虫颜面为淡黄褐色，额唇基的基部两侧区各有数条淡褐色横纹，颊区淡黄绿色。前胸背板两性均为黄绿色。小盾片黄绿色。前翅淡蓝绿色，前缘区淡黄绿色，雄虫翅端1／3处黑色，雌虫为淡褐色。雄虫胸、腹部腹面及背面黑色，雌虫腹面淡黄色，腹背黑色。各足黄色。卵长茄形，长约1—1.2mm；末龄若虫体长3.5—4mm，若虫共4龄。
  生活习性:江、浙一带年生5—6代，以3—4龄若虫及少量成虫在绿肥田边、塘边、河边的杂草上越冬。成虫把卵产在叶鞘边缘内侧组织中，每雌产卵100一300多粒，若虫喜栖息在植株下部或叶片背面取食，有群集性，3—4龄若虫尤其活跃。越冬若虫多在4月羽化为成虫，迁入稻田或茭白田为害，少雨年份易大发生。主要天敌有褐腰赤眼蜂、捕食性蜘蛛等。
  防治方法: (1)选用抗虫品种。(2)注意保护利用天敌昆虫和捕食性蜘蛛。(3)调查成虫迁飞和若虫发生情况，因地制宜确定当地防治适期，及时喷洒2％叶蝉散粉剂，每667m2kg或10％吡虫啉(一遍净)可湿性粉剂2500倍液、2.5％保得乳油2000倍液、20％叶蝉散乳油500倍液，每667m270L。也可用30％乙酰甲胺磷乳油或50％杀螟松乳油1000倍液、90％杀虫单原粉，667m2 50—60g对水喷雾。"
稻苗疫病,http://www.cgris.net/disease/01－水稻/images/0004%20水稻苗疫病（左）和水稻腐霉烂秧病.jpg,"水稻稻苗疫病　 
  症状: 主要在早、中稻秧苗和早稻大田前期发生，长江流域发生多。为害秧苗叶片。叶上初生黄白色小圆斑，后扩展成灰绿色水渍状不规则条斑，害扩展后病斑融合使叶片纵卷或折倒。湿度大时病斑上可见白色稀疏霉层，即病菌孢囊梗和孢子囊。病斑渐褐变、中央灰褐色，白色霉层逐渐变为灰白色，常造成稻苗中、下叶片局部枯死，严重时整叶或整株死亡。 
  病原: Phytophthora fragariae Hickm.var.oryzo-bladis Wang et Lu.称草莓疫霉稻疫霉变种，属鞭毛菌亚门真菌。孢囊梗2-5根自寄主气孔伸出，束生或单生，偶具1-2回分枝，大小6.5-40.5×2.9-5.7(μm)。孢子囊顶生，长椭圆形，大小36-98.3×22.1×66.5(μm)，孢子囊成熟后不脱落，游动孢子从孢子囊顶端孔口散出。游动孢子肾形，休止孢子圆形，以芽管萌发产生次生小型泡囊。藏卵近圆形黄褐色，直径31.2-72μm，雄器围生，扁圆形，淡黄色，大小12.2-25.9×15-30(μm)，卵孢子圆形，黄色，大小21.7-57(μm)。(左图)
  传播途径和发病条件:  病菌以卵孢子在土壤中越冬，翌年有水存在条件下萌发，产生游动孢子侵入为害。饱和湿度条件下病斑上才能产生孢囊梗，孢子囊产生需有水滴或水膜存在。游动孢子休止后由休止孢产生芽管从叶片气孔侵入寄主。受侵染秧苗在饱和湿度下形成典型病斑，相对湿度60%-90%只产生淡褐色小斑。发病适宜温度16-21℃，气温超过25℃病害受抑。阴雨连绵有利于发病，三叶期前后秧苗最易感病。秧田水淹或深灌有利发病，串灌病害易于流行。播种过密，秧苗弱易发病。偏施氮肥发病重。  
  防治方法:  (1)选地势高的田块秧田，且秧田要年年轮换。(2)加强肥水管理，要浅水勤灌，防止串灌，适当增施磷钾肥，提高抗病力。(3)药剂防治。秧苗3叶期喷洒72.25霜霉威(普力克)水剂800倍液或64%杀毒矾可湿性粉剂600倍液或40%甲霜铜可湿性粉剂800倍液或1∶2∶240倍式波尔多液。"
细菌性谷枯病,http://www.cgris.net/disease/01－水稻/images/0059%20水稻细菌性谷枯病田间症状.jpg,"水稻细菌性谷枯病 
  症状: 我国水稻新病害。贵州省、台湾有发生，国外主要分布在日本。水稻齐穗后乳熟期的绿色穗直立，染病谷粒初现苍白色似缺水状萎凋，渐变为灰白色至浅黄褐色，内外颖的先端或基部变成紫褐色，护颖也呈紫褐色。每个受害穗染病谷粒10-20粒左右，发病重的一半以 上谷粒枯死，受害严重的稻穗呈直立状而不弯曲，多为不稔，若能结实多萎缩畸形，谷粒一部分或全部变为灰白色或黄褐色至浓褐色，病部与健部界线明显。 
  病原: Pseudomounas glumae kurita et Tabei称颖壳假单胞菌)水稻细菌颖谷病假单胞菌)，属细菌。革兰氏染色阴性，极生2-4根鞭毛，菌体短杆状，有荚膜，无芽孢，大小1.5-2.5×0.5-0.7(μm)，氧化酶活性为阳性，不能利用鼠李糖产酸。在PDA培养基上菌落小，黄乳白色，能利用木糖、阿拉伯糖、葡萄糖、果糖、甘油等产酸而不产气。能利用牛乳，凝固并消化。明胶液化。不产生哚吲及H2#S，但产NH#3。硝酸盐不还原。生长温限11-40℃，最适为30-35℃。  
  传播途径和发病条件:  谷粒带菌，播种带病谷粒，遇有适宜的发病条件，即抽穗期高温多日照，降雨量少易发病，品种不同抗病性差异明显。台南6号、新竹糯等易感病，台湾的高雄籼、丰锦等极抗病。  
  防治方法:  (1)加强检疫，防止病区扩大。(2)选用抗病品种。(3)在5%抽穗时喷洒2%嘉赐霉素溶液(kasugamycin)250倍液或60%百菌通可湿性粉剂500倍液、12%绿乳铜乳油500倍液、47%加瑞农可湿性粉剂600-700倍液、53.8%可杀得2000干悬浮剂1200倍液。"
二化螟,http://www.cgris.net/disease/01－水稻/images/0470%20水稻二化螟成虫、卵、蛹和成长幼虫.jpg,"水稻二化螟　  
  学名: Chilo supperssalis (Walker)鳞翅目，螟蛾科。别名钻心虫。分布在我国南方、北方各稻区。  寄主  水稻、玉米、甘蔗、粟、蚕豆、茭白、高粱、油菜、小麦、紫云英等。近年该虫为害仍然严重。 
  为害特点: 水稻分蘖期受害出现枯心苗和枯鞘；孕穗期、抽穗期受害，出现枯孕穗和白穗；灌浆期、乳熟期受害，出现半枯穗和虫伤株，秕粒增多，遇刮大风易倒折。二化螟为害造成的枯心苗，幼虫先群集在叶鞘内侧蛀食为害，叶鞘外面出现水渍状黄斑，后叶鞘枯黄，叶片也渐死，称为枯梢期。幼虫蛀入稻茎后剑叶尖端变黄，严重的心叶枯黄而死，受害茎上有蛀孔，孔外虫粪很少，茎内虫粪多，黄色，稻秆易折断。别于大螟和三化螟为害造成的枯心苗。
  形态特征: 成蛾 雌体长14—16.5mm，翅展23—26mm，触角丝状，前翅灰黄色，近长方形，沿外缘具小黑点7个；后翅白色，腹部灰白色纺锤形。雄蛾体长13—15mm，翅展21-23mm，前翅中央具黑斑1个，下面生小黑点3个，腹部瘦圆筒形。卵长1.2mm，扁椭圆形，卵块由数十至200粒排成鱼鳞状，长13—16mm，宽3mm，乳白色至黄白色或灰黄褐色。幼虫6龄左右。末龄幼虫体长20-30mm，头部除上领棕色外，余红棕色，全体淡褐色，具红棕色条纹。蛹长10—13mm，米黄色至浅黄褐色或褐色。区3—4代，20—24℃地区4—5代，高于24℃地区5-6代。以4龄以上幼虫在稻桩、稻草中或其他寄主的茎秆内、杂草丛、土缝等处越冬。气温高于11℃时开始化蛹，15—16℃时成虫羽化。低于4龄期幼虫多在翌年土温高于7℃时钻进上面稻桩及小麦、大麦、蚕豆、油菜等冬季作物的茎秆中；均温10—15℃进入转移盛期，转移到冬季作物茎秆中以后继续取食内壁，发育到老熟时，在寄主内壁上咬l羽化孔，仅留表皮，羽化后破膜钻出。有趋光性，喜欢把卵产在幼苗叶片上，圆秆拔节后产在叶宽、秆粗且生长嫩绿的叶鞘上；初孵幼虫先钻入叶鞘处群集为害，造成枯鞘，2—3龄后钻入茎秆，3龄后转株为害。该虫生活力强，食性杂，耐干旱、潮湿和低温条件。主要天敌有卵寄生蜂等。
  防治方法:  (1)做好发生期、发生量和发生程度预测。(2)农业防治  合理安排冬作物，晚熟小麦、大麦、油菜、留种绿肥要注意安排在虫源少的晚稻田中，可减少越冬的基数。对稻草中含虫多的要及早处理，也可把基部10—15cm先切除烧毁。灌水杀蛹，即在二化螟初蛹期采用烤、搁田或灌浅水，以降低化蛹的部位，进入化蛹高峰期时，突然灌深水10cm以上，经3—4天，大部分老熟幼虫和蛹会被灌死。(3)选育、种植耐水稻螟虫的品种，根据种群动态模型用药防治。在二化螟一代多发型地区，要做到狠治一代；在1—3代为害重地区，采取狠治一代，挑治2代，巧治3代。第一代以打枯鞘团为主，第二代挑治迟熟早稻、单季杂交稻、中稻。第三代主防杂交双季稻和早栽连作晚稻田的螟虫。生产上在早、晚稻分蘖期或晚稻孕穗、抽穗期螟卵孵化高峰后5—7天，枯鞘丛率5％一8％或早稻每667m2有中心为害株100株或丛害率1％一1.5％或晚稻为害团高于100个时，每667m2应马上用80％杀虫单粉剂35—40g或25％杀虫双水剂200—250ml、50％杀螟松乳油50一100ml、90％晶体敌百虫100—2008对水75—100kg喷雾、喷洒1.8％农家乐乳剂(阿维菌素B1)3000—4000倍液、42％特力克乳油2000倍液。也可选用5％锐劲特胶悬剂30ml或20％三陛磷乳油100ml，对水50一75kg喷雾或对水200—250kg泼浇。也可对水400kg进行大水量泼浇，此外还可用25％杀虫双水剂200—250ml或5％杀虫双颗粒剂1—1.5kg拌湿润细干土20kg制成药土，撒施在稻苗上，保持3—5cm浅水层持续3—5天可提高防效。此外把杀虫双制成大粒剂，改过去常规喷雾为浸秧田，采用带药漂浮载体防治法能提高防效。杀虫双防治二化螟还可兼治大螟、三化螟、稻纵卷叶螟等，对大龄幼虫杀伤力高、施药适期弹性大，但要注意防止家蚕中毒。"
白翅叶蝉,http://www.cgris.net/disease/01－水稻/images/0515%20水稻电光叶蝉成虫（左）和白翅叶蝉.jpg,"水稻白翅叶蝉  
  学名: Thaia rebiginosa Kuoh过去误为置Eryfhroneurasubrufa(Motsulsky)属同翅目，叶蝉科。分布在黄河以南，四川西昌以东。云南、贵州、四川局部山区和陕西汉中受害重。  寄主  水稻、小麦、大麦、甘蔗、英白、玉米、油菜等。  
  为害特点: 成、若虫刺吸叶片汁液，受害叶片初现零星小白点，后连成点状条斑，或白色条斑最终变为褐色，影响生长发育和千粒重。  
  形态特征: 雌虫体长3.5—3.7mm，雄虫稍小。头部、胸部、腹部橙黄色。头部前缘两侧各具1半月形白斑。前胸背板中央具1浅灰黄色菱形斑，斑的两侧各具小白点1个。前翅灰白色，半透明，具虹彩闪光；后翅浅橙色，透明度较前翅高。卵长0.65mm，近瓶形，略弯曲，一端尖，另一端钝圆，乳白色。若虫共5龄。末龄若虫体长2.4—3.2mm，浅黄绿色，体上刚毛明显。 
  生活习性: 浙江、安徽、湖南年生3代，再往南年生3—6代。以成虫在麦田、绿肥田及避风向阳的杂草上越冬。翌春，越冬成虫先在麦田为害，当早稻出苗后，即迁入为害、繁殖，后向早稻本田或晚稻田上扩展，晚稻进入收获季节，该虫又迁飞到越冬寄主上。成虫活泼善飞，受惊扰时横行躲避或飞至别处，若虫跳跃能力差，受惊时斜着走或横行。气温低于1℃，成虫多潜伏在土缝里或植株基部，高于2℃开始活动。均温21—23℃卵历期15—16天，一、二代若虫历期17—21天，三代33—40天。成虫寿命20—30天，越冬代为194天。喜在上午羽化，在植株上部叶片取食，有较强趋嫩绿性和趋光性，多在白天把卵产在稻叶主脉的空腔内，分蘖期产在稻株基部第一、二叶片，抽穗期以第三叶为主，每处着卵1—3粒，个别5粒。越冬代每雌产卵45—60粒，一代55—60粒，二代30粒。气温低于20℃，相对湿度85％-90％若虫死亡多，寿命短，产卵量下降。生产上5、6月雨水多，8、9月气温偏高，且有一定降雨量，可能大发生。稻麦两熟和双季稻混栽区，二季晚稻受害重，晚熟中稻居次。早播、早插秧的水稻一般在前期易受害，偏施氮肥，稻苗生长旺盛的虫口数量多，受害重。天敌主要有蜜蜂、捻翅虫、异色瓢虫、多种蜘蛛等。
  防治方法:  (1)早稻、晚稻的秧田，应在拔秧前5天喷药，对压低后期虫口数量有明显效果。(2)本田的防治应根据虫情适时进行，用药种类和用量参见黑尾叶蝉。"
烂秧病,http://www.cgris.net/disease/01－水稻/images/0004%20水稻苗疫病（左）和水稻腐霉烂秧病.jpg,"水稻烂秧病　 
  症状: 烂秧是秧田中发生的烂种、烂芽和死苗的总称。(一)烂种指播种后不能萌发的种子或播后腐烂不发病。(二)烂芽指萌动发芽至转青期间芽、根死亡的现象。我国各稻区均有发生。分生理性烂秧和传染性烂秧。(1)生理性烂芽常见有：淤籽  播种过深，芽鞘不能伸长而腐烂；露籽  种子露于土表，根不能插入土中而萎蔫干枯；跷脚  种根不入土而上跷干枯；倒芽  只长芽不长根而浮于水面；钓鱼钩  根、芽生长不良，黄褐卷曲呈现鱼钩状；黑根  根芽受到毒害，呈“鸡爪状”种根和次生根发黑腐烂。(2)传染性烂芽又分：绵腐型烂芽  低温高湿条件下易发病，发病初在根、芽基部的颖壳破口外产生白色胶状物，渐长出绵毛状菌丝体，后变为土褐或绿褐色，幼芽黄褐枯死，俗称“水杨梅”。立枯型烂芽  开始零星发生，后成簇、成片死亡，初在根芽基部有水浸状淡褐斑，随后长出绵毛状白色菌丝，也有的长出白色或淡粉红霉状物，幼芽基部缢缩，易拔断，幼根变褐腐烂。(三)死苗  指第一叶展开后的幼苗死亡，多发生于2-3叶期。分青枯型和黄枯型两种。(1)青枯型  叶尖不吐水，心叶萎蔫呈筒状，下叶随后萎蔫筒卷，幼苗污绿色，枯死，俗称“卷心死”，病根色暗，根毛稀少。(2)黄枯型  死苗从下部叶开始，叶尖向叶基逐渐变黄，再由下向上部叶片扩展，最后茎基部软化变褐，幼苗黄褐色枯死，俗称“剥皮死”。 
  病原: 生理性烂秧在低温阴雨，或冷后暴晴，造成水分供不应求时呈现急性的青枯，或长期低浊，根系吸收能力差，久之造成黄枯。一类是Fusarium graminearum Schw称禾谷镰刀菌，Fusarium oxysporum  Schlecht.称尖孢镰刀菌，Rhizoctonia sloani Kühn称立枯丝核菌，Drechslera oryzae  (Breda de Haan) Subram. et Jain称稻德氏霉，均属半知菌亚门真菌，引致水稻立枯病。另一类是Achlya prolifera  (Nees) de Bary称层出绵霉，Pythium oryzae Ito et Tokun称稻腐霉，属鞭毛菌亚门真菌。引致水稻绵腐病。Fusarium sp.菌丝初白色，老熟时浅红色，锐角分枝。大型分生孢子镰刀形，稍弯，两端尖，具隔膜3-5个；小型分生孢子椭圆形，单胞无色或生1隔膜。Rhizoctonia  solani菌丝初无色，老熟时褐色，分枝处有缢缩，附近生一隔膜。Achlya  prolifera菌丝无隔膜，游动胞子囊管状具两游现象。Pythium  oryzae菌丝无隔膜，游动孢子囊丝状或裂瓣状，游动孢子肾脏形，有鞭毛2根，有性状产生单卵球的卵孢子，雄器侧位。 
  传播途径和发病条件:  引致水稻烂秧造成立枯和绵腐的病原真菌，均属土壤真菌。能在土壤中长期营腐生生活。镰刀菌多以菌丝和厚垣孢子在多种寄主的残体上或土壤中越冬，条件适宜时产道理分生孢子，借气流传播。丝核菌以菌丝和菌核在寄主病残体或土壤中越冬，靠菌丝在幼苗间蔓延传播。至于腐霉菌普遍存在，以菌丝或卵孢子在土壤中越冬，条件适宜时产生游动孢子囊，游动孢了借水流传播。水稻绵腐病、腐霉菌寄主性弱，只在稻种有伤口，如种子破损、催芽热伤及冻害情况下，病菌才能侵入种子或幼苗，后孢子随水流扩散传播，遇有寒潮可造成毁灭性损失。其病因先是冻害或伤害，以后才演变成侵染性病害，第二病原才是绵腐、腐霉等真菌。在这里冻害和伤害是第一病因，在植物病态出现以前就持续存在，多数非侵染病害终会演变为侵染性病害，病三角中外界因素往往是第一病因病原物是第二病原。但是真菌的为害也是明显的，低温温烂秧与绵腐病的症状区别是明显的。生产上防治此类病害，应考虑两种病因，即将外界环境条件和病原菌同时考虑，才能收到明显的防效。 生产上低温缺氧易引致发病，寒流、低温阴雨、秧田水深、有机肥未腐熟等条件有利发病。烂种多由贮藏期受潮、浸种不透、换水不勤、催芽温度过高或长时间过低所致。烂芽多因秧田水深缺氧或暴热、高温烫芽等引发。青、黄苗枯一般是由于在三叶左右缺水而造成的，如遇低温袭击，或冷后暴晴则加快秧苗死亡。 
  防治方法:  防治水稻烂秧的关键是抓育苗技术，改善环境条件，增强抗病力，必要时辅以药剂防治。(1)改进育秧方式  因地制宜地采用旱育秧稀植技术或采用薄膜覆盖或温室蒸报育秧，露地育秧应在湿润育秧基础上加以改进。秧田应选在背风向阳、肥力中等、排灌方便、地势较高的平整田块，秧畦要干耕、干做、水耥，提倡施用日本酵素菌沤制的堆肥或充分腐熟有机肥，改善土壤中微生物结构。(2)精选种子，选成熟度好、纯度高且干净的种子，浸种前晒种。(3)抓好浸种催芽关。浸种要浸透，以胚部膨大突起，谷壳呈半透明状，达过谷壳隐约可见月夏白和胚为准，但不能浸种过长。催芽要做到“高温(36-38℃)露白、适温(28-32℃)催根、淋水长芽、低温炼苗。也可施用ABT4号生根粉，使用浓度为13mg/kg，南方稻区浸种2小时，北方稻区浸种8-10小时，涝出后用清水冲芽即可，也可在移栽前3-5天，对秧苗进行喷雾，浓度同上。对水稻立枯病防效优异。(4)提高播种质量  根据品种特性，确定播期、播种量和苗龄。日均气温稳定通过12℃时方可播于露地育秧，均匀播种，根据天气预报使播后有3-5个晴天，有利于谷芽转青来调整浸种催芽时间。播种以谷陷半粒为宜，播后撒灰，保温保湿有利于扎根竖芽。(5)加强水肥管理。芽期以扎根立苗为主，保持畦面湿润，不能过早上水，遇霜冻短时灌水护芽。一叶展开后可适当灌浅水，2-3叶期灌水以减小温差，保温防冻。寒潮来临要灌“拦腰水”护苗，冷空气过后转为正常管理。采用薄膜育苗的于上午8-9时要揭膜放风，放风前先上薄皮水，防止温湿度剧变。发现死苗的秧田每天灌一次“跑马水”，并排出。小水勤灌，冲淡毒物。施肥要掌握基肥稳、追肥少而多次，先量少后量大，提高磷钾比例。齐苗后施“破口”扎根肥，可用清粪水或硫酸铵掺水洒施，二叶展开后，早施“断奶肥”。秧苗生长慢，叶色黄，遇连阴雨天，更要注意施肥。盐碱化秧田要灌大水冲洗芽尖和畦内盐霜，排除下渗盐碱。(6)药剂防治。防治水稻旱育秧立枯病：①首选新型植物生长剂-移栽灵混剂，该药是一类含硫烷基的叉丙烯化合物，具有植物生长调节剂和杀菌剂的双重功能，有促根、发苗、防衰和杀菌作用，能有效地防治立枯病。方法是按旱育秧常规方法整土做苗床，也可用秧盘，床土不需调酸或消毒。把移栽灵混剂溶在要浇的适量水中，每m2水稻苗床用1-2ml，一般每m2加水3kg左右；采用秧盘育秧，每盘(60×30cm)用0.2-0.5ml，一般每盘加水0.5kg，使用时也可把底肥一起溶在水中，搅拌均匀。然后把上述溶有肥料和移栽灵混剂的水均匀浇在床土上，然后播上种子并盖土。以后的管理同常规方法。如果用抛秧盘，因为土量小，用量可减半。②用15%立枯灵液剂，每盘用0.9g对水1L喷洒，水稻秧苗一叶一心期可喷500倍液，具防病、促进生长双重作用。③用3.2恶甲水剂(育苗灵)300倍液喷洒，进行苗床土壤消毒，每m2床土用药8-10g，苗床发病初期，每m2用药12-15g或喷洒95%绿亨1号(恶霉灵)精品4500倍液。④用广灭灵水剂100-200mg/kg，浸种24-48小时或于一叶一心期喷洒500-1000倍液。对由绵腐病及水生灌类为主引起的烂秧，发现中心病株后，首选25%甲霜灵可湿性粉剂800-1000倍液或65%敌克松可湿性粉剂700倍液。对立枯菌、绵腐菌混合侵染引起的烂秧，首选40%灭枯散可溶性粉剂(40%甲敌粉)。使用方法：一袋100g装灭枯散，可防治40m2或240个秧盘，预防时，可在中前拌入床土，也可在稻苗的一叶一心期浇。治疗时，可在发病初期浇施，先用少量清水把药剂和成糊状，再全部溶入110kg水中，用喷壶浇即可。此外也可喷洒30%立枯灵可湿性粉剂500-800倍液或广灭灵水剂500-1000倍液，喷药时应保持薄水层。也可在进水口用纱布袋装入90%以上硫酸铜100-200g，随水流灌入秧田。绵腐病严重时，秧田应换清水2-3次后再施药。(7)提倡采用地膜覆盖栽培水稻新技术  水稻地膜覆盖能有效地解决低温制约水稻发生烂秧及低产这个水稻生产上的难题，可使土壤的温、光、水、气重新优化组合，创造水稻良好的生育环境，解决水稻烂秧，创造高产。(8)提倡喷洒壮丰安水稻专用型植物生长调解剂或植物动力2003，能有效地防治立枯病，使水稻恢复生机。"
细菌性基腐病,http://www.cgris.net/disease/01－水稻/images/0061%20水稻细菌性基腐病田间发病情形.jpg,"水稻细菌性基腐病　 
  症状: 主要为害水稻根节部和茎基部。水稻分蘖期发病  常在近土表茎基部叶鞘上产生水浸状椭圆形斑，渐扩展为边缘褐色、中间枯白的不规则形大斑，剥去叶鞘可见根节部变黑褐，有时可见深褐色纵条，根节腐烂，伴有恶臭，植株心叶青枯变黄。拔节期发病  叶片自下而上变黄，近水面叶鞘边缘褐色，中间灰色长条形斑，根节变色伴有恶臭。穗期发病  病株先失水青枯，后形成枯孕穗、白穗或半白穗，根节变色有短而少的侧生根，有恶臭味。 水稻细菌性基腐病的独特症状是病株根节变为褐色或深褐色腐烂。别于细菌性褐条病心腐型、白叶枯病急性凋萎型及螟害枯心苗等。该病常与小球菌核病、恶苗病、还原性物质中毒等同时发生；也有在基腐病株枯死后，恶苗病菌、小球菌核病菌等腐生其上。该病主要通过水稻根部和茎基部的伤口侵入。生产上只要抓准基腐病这三个独特症状，是能与上述病害区别开来的。 
  病原:Erwinia chrysanthemi pv.zeae  (Sabet) Victria, Arboleda et Munoz.称菊欧文氏菌玉米致病变种，属欧氏杆菌属细菌。细菌单生，短杆状，两端钝圆，大小2.6-3×0.6-0.8(μm)，鞭毛周生，无芽胞和荚膜，革兰氏染色阴性。牛肉浸膏蛋白胨琼脂培养基上菌落呈变形虫状，初乳白后变土黄色，无光泽。厌气生长，不耐盐，能使多种糖产酸，使明胶液化，产生吲哚，对红霉素敏感，产生抑制圈。 
  传播途径和发病条件:  细菌可在病稻草、病稻桩和杂草上越冬。病菌从叶片上水孔、伤口及叶鞘和根系伤口侵入，以根部或茎基部伤口侵入为主。侵入后在根基的气孔中系统感染，在整个生育期重复侵染。早稻在移栽后开始出现症状，抽穗期进入发病高峰。晚稻秧田即可发病，孕穗期进入发病高峰。轮作、直播或小苗移栽稻发病轻。偏施或迟施氮素，稻苗嫩柔发病重。分蘖末期不脱水或烤田过度易发病。地势低，粘重土壤通气性差发病重。一般晚稻发病重于早稻。 
  防治方法:  (1)选用抗病良种。如四梅2号、广陆矮4号、矮粳23、浙福802、农林百选、盐粳2号、武香粳、汕优6号、双糯4号、中粳574、南粳34等可因地制宜地选用。(2)培育壮苗，推广工厂化育苗，采用湿润育秧。适当增施磷、钾肥确保壮苗。要小苗直栽浅栽，避免伤口。(3)提倡水旱轮作，增施有机肥，采用配方施肥技术。"
大螟,http://www.cgris.net/disease/01－水稻/images/0473%20水稻大螟成虫栖息在稻叶上.jpg,"水稻大螟　  
  学名: Sesamia inferens (Walker)鳞翅目，夜蛾科。别名稻蛀茎夜蛾、紫螟。分布在陕西、河南以南稻区。寄主  水稻、玉米、高粱、麦、粟、甘蔗、芦苇、油菜、英白、稗等。  
  为害特点: 基本同二化螟。幼虫蛀入稻茎为害，也可造成枯梢、枯心苗、枯孕穗、白穗及虫伤株。大螟为害的孔较大，有大量虫粪排出茎外,又别于二化螟。大螟为害造成的枯心苗，蛀孔大、虫粪多，且大部分不在稻茎内，多夹在叶鞘和茎秆之间，受害稻茎的叶片、叶鞘部都变为黄色。大螟造成的枯心苗田边较多，田中间较少，别于二化螟、三化螟为害造成的枯心苗。 形态特征成虫雌蛾体长15mm，翅展约30mm，头部、胸部浅黄褐色，腹部浅黄色至灰白色；触角丝状，前翅近长方形，浅灰褐色，中间具小黑点4个排成四角形。雄蛾体长约12mm，翅展27mm，触角栉齿状。卵扁圆形，初白色后变灰黄色，表面具细纵纹和横线，聚生或散生，常排成2—3行。末龄幼虫体长约30mm，粗4头红褐色至暗褐色，共5—7龄。蛹长13—18mm，粗壮，红褐色，腹部具灰白色粉状物，臀棘有3根钩棘。 
  生活习性: 云、贵高原年生2—3代，江苏、浙江3-4代，江西、湖南、湖北、四川年生4代，福建、广西及云南开远4—5代，广东南部、台湾6—8代。在温带以幼虫在茭白、水稻等作物茎秆或根茬内越冬，翌春老熟幼虫在气温高于10℃时开始化蛹，15℃时羽化，越冬代成虫把卵产在春玉米或田边看麦娘、李氏禾等杂草叶鞘内侧，幼虫孵化后再转移到邻近边行水稻上蛀入叶鞘内取食，蛀入处可见红褐色锈斑块。3龄前常十几头群集在一起，把叶鞘内层吃光，后钻进心部造成枯心。3龄后分散，为害田边2-3墩稻苗，蛀孔距水面10—30cm，老熟时化蛹在叶鞘处。成虫飞翔力弱，常栖息在株间，每雌可产卵240粒，卵历期一代为12天，2、3代5—6天；幼虫期一代约30天，二代28天，三代32天；蛹期10—l 5天。苏南越冬代发生在4月中旬至6月上旬，第1代6月下旬至7月下旬，二代7月下旬至10月中旬；宁波一带越冬代在4月上旬至5月下旬发生，第1代6月中旬至7月下旬，二代8月上旬至下旬，三代9月中旬至10月中旬；长沙、武汉越冬代发生在4月上旬至5月中旬；江浙一带第一代幼虫于5月中下旬盛发，主要为害茭白，7月中下旬第二代幼虫期和8月下旬第三代幼虫主要为害水稻，对茭白为害轻。茭白与水稻插花种植地区，该虫在两寄主间转移为害受害重。浙北、苏南单季稻茭白区，越冬代羽化后尚未栽植水稻，则集中为害茭白，尤其是田边受害重。 
  防治方法:  (1)对第一代进行测报，通过查上一代化蛹进度，预测成虫发生高峰期和第一代幼虫孵化高峰期，报出防治适期。(2)有茭白的地区冬季或早春齐泥割除茭白残株，铲除田边杂草，消灭越冬螟虫。(3)根据大螟趋性，早栽早发的早稻、杂交稻、以及大螟产卵期正处在孕穗至抽穗或植株高大的稻田是化防之重点。防治策略狠治一代，重点防治稻田边行。生产上当枯鞘率达5％或始见枯心苗为害状时，大部分幼虫处在1—2龄阶段，及时喷洒18％杀虫双水剂，每667m2施药250ml，对水50—75kg或90％杀螟丹可溶性粉剂150—200g或50％杀螟丹乳油100ml对水喷雾，也可用90％晶体敌百虫1008加40％乐果乳油50ml对水喷雾。虫龄大于3龄时，每667m2可用50％磷胺乳油150ml对水补治。"
电光叶蝉,http://www.cgris.net/disease/01－水稻/images/0515%20水稻电光叶蝉成虫（左）和白翅叶蝉.jpg,"水稻电光叶蝉　  
  学名: Inazuma dorsalis(Motschulsky)异名及Recilia dorsalis (Motschulsky)，属同翅目，叶蝉科。分布在黄河以南各稻区。  寄主  水稻、玉米、高粱、粟、甘蔗、小麦、大麦等。偶害芝麻、柑桔等。  
  为害特点: 以成、若虫在水稻叶片和叶鞘上刺吸汁液，致受害株生长发育受抑，造成叶片变黄或整株枯萎。传播稻矮缩病、瘤矮病等。 
  形态特征:成虫体长3—4mm，浅黄色，具淡褐斑纹。头冠中前部具浅黄褐色斑点2个，后方还有2个浅黄褐色小斑点。小盾片浅灰色，基角处各具1个浅黄褐色斑点。前翅浅灰黄色，其上具闪电状黄褐色宽纹，色带四周色浓，特征相当明显。胸部及腹部的腹面黄白色，散布有暗褐色斑点。卵长1—1.2mm，椭圆形，略弯曲，初白色，后变黄色。若虫共5龄。末龄若虫体长3.5mm，黄白色。头部、胸部背面，足和腹部最后3节的侧面褐色，腹部1一6节背面各具褐色斑纹1对，翅芽达腹部第4节。
  生活习性: 浙江年生5代，四川5—6代，以卵在寄主叶背中脉组织里越冬。台湾年生10代以上，各虫期周年可见。长江中下游稻区9—11月为害最重，四川东部在8月下旬一10月上旬，台湾6—7月和10—11月受害重。雌虫寿命20天，雄虫15天左右。产卵前期7天，产卵量约80粒。卵历期10一14天，若虫历期11—14天，10一11月的若虫历期37天左右。
  防治方法:  (1)参见黑尾叶蝉。(2)防治黑尾叶蝉时可兼治此虫。"
霜霉病,http://www.cgris.net/disease/01－水稻/images/0007%20水稻白绢病（左）和霜霉病病叶.jpg,"水稻霜霉病　 
  症状: 又称黄化萎缩病。秧田后期开始显症，分蘖盛期症状明显。叶片上发病初生黄白小斑点，后形成表面不规则条纹，斑驳花叶。病株心叶淡黄，卷曲，不易抽出，下部老叶渐枯死，根系发育不良，植株矮缩。受害叶鞘略松软，表面有不规则波纹或产生皱抗折、扭曲，分蘖减少。若全部分蘖感病，重病株不能孕穗，轻病株能孕穗但不能抽出，包裹于剑叶叶鞘中，或从其侧拱出成拳状，穗小不实、扭曲畸形。在秧田后期及本田前期发病重。 
  病原: Sclerophthora macrospora  (Saccardo) Thirumalachar, Shaw & Narasimhan var. oryzae Zhang & Liu称大孢指疫霉水稻变种，属鞭毛菌亚门真菌。藏卵器球形，淡黄褐色，大小65-95×64-78(μm)。雄器1-4个，侧生，大小45-75×7.5-10(μm)。卵孢子初无色后变黄褐，卵圆形，大小51-75×51-75(μm)。孢子囊柠檬形，无色，单生于孢囊梗顶端，孢囊梗单根从气孔伸出，其上具分枝，孢子囊内含多个游动孢子，游动孢子椭圆形，双鞭毛，静止后呈球形。(图右) 
  传播途径和发病条件:  该菌能侵染禾本科植物43属。病菌以卵孢子随病残体在土壤中越冬。翌年卵孢子萌发侵染杂草或稻苗。卵孢子借水流传播，水淹条件下卵孢子产生孢子囊和游动孢子，游动孢子活动停止后很快产生菌丝侵害水稻。 卵孢子在10-26℃都可萌发，19-20℃。10-25℃都能致病，15-20℃最适。秧苗期是水稻主要感病期，大田病株多从秧田传入。秧田水淹、暴雨或连阴雨发病严重，低温有利于发病。 
  防治方法:  (1)选地势较高地块做秧田，建好排水沟。(2)清除病源，拔除杂草、病苗。(3)药剂防治  发病初期喷洒25%甲霜灵可湿性粉剂800-1000倍液或90%霜疫净可湿性粉剂400倍液、80%克露可湿性粉剂700倍液、64%杀毒矾可湿性粉剂600倍液、58%甲霜灵·锰锌或70%乙磷·锰锌可湿性粉剂600倍液、72.2%霜霉威(普力克)水剂800倍液。"
细菌性褐斑病,http://www.cgris.net/disease/01－水稻/images/0062%20水稻细菌性褐斑病病叶症状.jpg,"水稻细菌性褐斑病　 
  症状: 又称细菌性鞘腐病，为害叶片、叶鞘、茎、节、穗、枝梗和谷粒。叶片染病  初为褐色水浸状小斑，后扩大为纺缍形或不规则赤褐色条斑，边缘出现黄晕，病斑中心灰褐色，病斑常融合成大条斑，使叶片局部坏死，不见菌脓。叶鞘受害  多发生在幼穗抽出前的穗苞上，病斑赤褐，短条状，后融合成水渍状不规则大斑，后期中央灰褐色，组织坏死。剥开叶鞘，茎上有黑褐色条斑，剑叶发病严重时抽不出穗。穗轴、颖壳等部受害  产生近圆形褐色小斑，严重时整个颖壳变褐，并深入米粒。谷粒病斑易与稻胡麻叶枯病混淆，镜检可见切口处有大量菌脓溢出。 
  病原: Pseudomonas syringae pv.syringae Van Holl称丁香假单胞菌丁香致病变种，属细菌。菌体杆状，单生，大小1-3×0.8-1.0(μm)，极生鞭毛2-4根。肉汁胨平板培养基上菌落白色，圆形，表面光滑，后呈环状轮纹。 
  传播途径和发病条件: 病菌在种子和病组织中越冬。从伤口侵入寄主，也可从水孔、气孔侵入。细菌在水中可存活20-30天，随水流传播。暴雨、台风可加重病害发生。偏施氮肥，灌水过多或灌串水，易发病。偏酸性土壤发病重。  
  防治方法:  (1)加强检疫，防止病种子的调入和调出。(2)浅水灌溉，防止田水串流。采用配方施肥，忌偏施氮肥。及时清除田边杂草，处理带菌稻草。(3)药剂防治参见水稻白叶枯病。"
稻纵卷叶螟,http://www.cgris.net/disease/01－水稻/images/0476%20水稻-稻纵卷叶螟为害水稻状.jpg,"水稻稻纵卷叶螟　  
  学名: Cnaphalocrocis medinalis Guenee鳞翅目，螟蛾科。别名刮青虫。分布北起黑龙江、内蒙古，南至台湾、海南的全国各稻区。  寄主  主要为害水稻，有时为害小麦、甘蔗、粟、禾本科杂草。  
  为害特点: 以幼虫缀丝纵卷水稻叶片成虫苞，幼虫匿居其中取食叶肉，仅留表皮，形成白色条斑，致水稻千粒重降低，秕粒增加，造成减产。 
  形态特征: 雌成蛾体长8—9mm，翅展17mm，体、翅黄溜色，前翅前缘暗褐色，外缘具暗褐色宽带，内横线、外横线斜贯翅面，中横线短，后翅也有2条横线，内横线短，不达后缘。雄蛾体稍小，色泽较鲜艳，前、后翅斑纹与雌蛾相近，但前翅前缘中央具1黑色眼状纹。卵长1mm，近椭圆形，扁平，中部稍隆起，表面具细网纹，初白色，后渐变浅黄色。幼虫5—7龄，多数5龄。末龄幼虫体长14—19mm，头褐色，体黄绿色至绿色，老熟时为桔红色，中、后胸背面具小黑圈8个，前排6个，后排2个4蛹长7—10mm，圆筒形，末端尖削，具钩刺8个，初浅黄色，后变红棕色至褐色。 
  生活习性: 东北年生1—2代，长江中下游至南岭以北5—6代，海南南部10一l1代，南岭以南以蛹和幼虫越冬，南岭以北有零星蛹越冬。越冬场所为再生稻、稻桩及湿润地段的李氏禾、双穗雀麦等禾本科杂草。该虫有远距离迁飞习性，在我国北纬30度以北地区，任何虫态都不能越冬。每年春季，成虫随季风由南向北而来，随气流下沉和雨水拖带降落下来，成为非越冬地区的初始虫源。秋季，成虫随季风回迁到南方进行繁殖，以幼虫和蛹越冬。如在安徽该虫也不能越冬，每年5—7月成虫从南方大量迁来成为初始虫源，在稻田内发生4—5代，各代幼虫为害盛期：一代6月上中旬；二代7月上中旬；三代8月上中旬；四代在9月上中旬；五代在10月中旬。生产上1、5代虫量少，一般以2、3代发生为害重。成虫白天在稻田里栖息，遇惊扰即飞起，但飞不远，夜晚活动、交配，把卵产在稻叶的正面或背面，单粒居多，少数2—3粒串生在一起，成虫有趋光性和趋向嫩绿稻田产卵的习性，喜欢吸食蚜虫分泌的蜜露和花蜜。卵期3—6天，幼虫期15—26天，共5龄，一龄幼虫不结苞；二龄时爬至叶尖处，吐丝缀卷叶尖或近叶尖的叶缘，即“卷尖期”；三龄幼虫纵卷叶片，形成明显的束腰状虫苞，即“束叶期”；3龄后食量增加，虫苞膨大，进入4—5龄频繁转苞为害，被害虫苞呈枯白色，整个稻田白叶累累。幼虫活泼，剥开虫苞查虫时，迅速向后退缩或翻落地面。老熟幼虫多爬至稻丛基部，在无效分蘖的小叶或枯黄叶片上吐丝结成紧密的小苞，在苞内化蛹，蛹多在叶鞘处或位于株间或地表枯叶薄茧中。蛹期5—8氏，雌蛾产卵前期3—12天，雌蛾寿命5—17天，雄蛾4—16天。该虫喜温暖、高湿。气温22一28℃，相对湿度高于80％利于成虫卵巢发育、交配、产卵和卵的孵化及初孵幼虫的存活。为此，6—9月雨日多，湿度大利其发生，田间灌水过深，施氮肥偏晚或过多，引起水稻徒长，为害重。主要天敌有稻螟赤眼蜂，绒茧蜂等近百种。 
  防治方法:  (1)合理施肥，加强田间管理促进水稻生长健壮，以减轻受害。(2)人工释放赤眼蜂。在稻纵卷叶螟产卵始盛期至高峰期，分期分批放蜂，每667m2每次放3—4万头，隔3天1次，连续放蜂3次。(3)喷洒杀螟杆菌、青虫菌，每667m2喷每克菌粉含活孢子量100亿的菌粉150一200g，对水60一75kg，配成300一400倍液喷雾。为了提高生物防治效果，可加入药液量0.1％的洗衣粉作湿润剂。此外如能加入药液量1／5的杀螟松效果更好。(4)掌握在幼虫2、3龄盛期或百丛有新束叶苞15个以上时，每667m2喷洒80％杀虫单粉剂35—40g或42％特力克乳油60ml或90％晶体敌百虫600倍液，也可泼浇50％杀螟松乳油100ml对水400kg。提倡施用5％锐劲特胶悬剂，每667m2用药20ml对水喷洒效果优异。每667m2用10％吡虫啉可湿性粉剂10一30g，对水60kg，l一30天防效90%以上，持效期30天。此外，也可于2—3龄幼虫高峰期，用10％吡虫啉10—20g／667m2与80％杀虫单40g／667m2混配，主防稻纵卷叶螟，兼治稻飞虱。"
小绿叶蝉,http://www.cgris.net/disease/01－水稻/images/0516%20水稻小绿叶蝉若虫放大.jpg,"水稻小绿叶蝉　 
  学名: Empoasca flaoescens  (Fab.)属同翅目，叶蝉科。别名桃叶蝉、桃小浮尘子、桃小叶蝉、桃小绿叶蝉等。分布在全国各地。  寄主  水稻、棉花、桃、杏、李、樱桃、梅、茄子、菜豆、十字花科蔬菜、马铃薯、甜菜、葡萄等。  
  为害特点: 成、若虫吸汁液，被害叶初现黄白色斑点渐扩大成片，严重时全叶苍白早落。 
  形态特征: 成虫体长3.3—3.7mm，淡黄绿至绿色，复眼灰褐色，无单眼，触角刚毛状，末端黑色。前胸背板、小盾片浅鲜绿色，常具白色斑点。前翅半透明，略呈革质，淡黄白色，周缘具淡绿色细边。后翅透明膜质。各足胫节端部以下淡青绿色，爪褐色；财节3节；后足跳跃式。腹部背板色较腹板深，末端淡青绿色。头背面略短，向前突，喙微褐，基部绿色。卵长椭圆形，略弯曲，长径o.6mm，短径o.15mm，乳白色。若虫体长2.5—3.5mm，与成虫相似。 
  生活习性: 年生4—6代，以成虫在落叶、杂草或低矮绿色植物中越冬，翌春桃、李、杏发芽后出蛰，飞到树上刺吸汁液，经取食后交尾产卵，卵多产在新梢或叶片主脉里。卵期5—20天，若虫期10一20天，非越冬成虫寿命30天，完成1个世代40一50天。因发生期不整齐致世代重叠。6月虫口数量增加，8—9月最多且为害重。秋后以末代成虫越冬。成、若虫喜白天活动，在叶背刺吸汁液或栖息。成虫善跳，可借风力扩散，旬均温15—25℃适其生长发育，28℃以上及连阴雨天气虫口密度下降。 
  防治方法:  (1)成虫出蛰前清除落叶及杂草，减少越冬虫源。(2)掌握在越冬代成虫迁入后，各代若虫孵化盛期及时喷洒20％叶蝉散(灭扑威)乳油800倍液或25％速灭威可湿性粉剂600—800倍液、20％害扑威乳油400倍液、50％马拉硫磷乳油1500倍液、2.5％保得乳油2000倍液、2.5％敌杀死或功夫乳油2000倍液、50％抗蚜威超微可湿性粉剂3000倍液、10％吡虫啉可湿性粉剂2500倍液、20％扑虱灵乳油1000倍液。"
白绢病,http://www.cgris.net/disease/01－水稻/images/0007%20水稻白绢病（左）和霜霉病病叶.jpg,"水稻白绢病　 
  症状: 我国双季稻区时有发生，主要为害晚稻秧苗或成株的茎基部，病部呈褐色，表面产生白色绢丝状菌丝体，后期形成很多黄褐色小菌核。晚稻秧苗染病，引致苗枯。成株染病，病株叶片变黄，整株枯萎。 
  病原: Sclerotium rolfsiiSacc.称齐整小核菌属半知菌亚门真菌。菌核球形至椭形，大小0.5-1mm，易脱，表面平滑且有光泽。菌核内部灰白色，紧密，细胞呈多角球形，大小6-8μm，边缘细胞褐色，不规则，多较小。子实层密集成层，白色；担子棍棒状，顶生小梗4个，其上生担孢子。担孢子球形至洋梨形，无色，大小4.5-6.7×3.5-4.5(μm)。有性态最命名为Corticium centrifugum(Lév.)Bers. 后又称C.rolfii Curzi (Saccardo)，近又命名为Athelia rolfsii (Curzi) Tu& Kimbrough(Punja)称罗耳阿太菌，属担子菌亚门真菌。该菌在自然界不易产生。担子器棍棒状，形成分枝菌丝的顶端上具2-4个担子柄，其上着生担孢子，担孢子梨形或椭圆形，单胞无色，平滑。台湾曾在蝴蝶兰上发现有性态。
  传播途径和发病条件:  病菌可在土壤中越冬，直接由土壤中侵染地下根、茎基部或与地面接触的植株叶部，我国双季稻区，主要为害晚稻秧苗，引起苗枯。  
  防治方法:  参见水稻烂秧。"
细菌性褐条病,http://www.cgris.net/disease/01－水稻/images/0063%20水稻细菌性褐条病成株叶片症状.jpg,"水稻细菌性褐条病 
  症状:又称细菌性心腐病。苗期染病  在叶片或叶鞘上出现褐色小斑，后扩展呈紫褐色长条斑，有时与叶片等长，边缘清楚。病苗枯萎或病叶脱落，植株矮小。成株期染病  先在叶片基部中脉发病，初水浸状黄白色，后沿脉扩展上达叶尖，下至叶鞘基部形成黄褐至深褐色的长条斑，病组织质脆易折，后全叶卷曲枯死。叶鞘染病  呈不规则斑块，后变黄褐，最后全部腐烂。心叶发病，不能抽出，死于心苞内，拔出有腐臭味，用手挤压有乳白至淡黄色菌液溢出。孕穗期当人 穗苞受害，穗早枯，或有的穗颈伸长，小穗梗淡褐色，弯曲畸形，谷粒变褐不实。 
  病原: Pseudomona avenae Manns称燕麦(晕疫)假单胞菌，属假单胞杆菌属细菌。1978年后又改称为P.syringae pv. panici (Elliott) Young et al.。菌体单细胞短杆状，两端钝圆，大小1.5-2.5×0.5-0.8(μm)，极生鞭毛1-5根，多为1-2根，无芽孢，无荚膜，革兰氏染色阴性，在肉汁胨琼脂平板培养基上菌落圆形，污白色隆起，不产生褐色素和荧光素。 
  传播途径和发病条件: 在病残体或病种子上越冬，病菌借水流、暴风雨传播蔓延，从稻苗伤口或自然孔口侵入，特别是秧苗受伤或受淹后发病重。高温、高湿、阴雨有利于发病。偏施氮肥，发病重。高秆品种较矮秆品种抗病。 
  防治方法:  (1)建立合理排灌系统，防止大水淹没稻田，及时排水。(2)增施有机肥，氮、磷、钾肥合理配合施用，增强植株抗病力。其它方法参见水稻细菌性褐斑病。"
显纹纵卷叶螟,http://www.cgris.net/disease/01－水稻/images/0483%20水稻显纹纵卷叶螟成虫.jpg,"水稻显纹纵卷叶螟  
  学名: Susumia exigua (Butler)鳞翅目，螟蛾科。别名显纹刷须野螟。分布北起辽宁，南至海南、广东、广西、云南。四川密度最大，有时比稻纵卷叶螟还多。是稻纵卷叶螟的近似种。  寄主  水稻、陆稻。  
  为害特点: 同稻纵卷叶螟。幼虫吐丝把稻叶从边缘两侧向中央卷起，隐藏其内取食叶肉，残留白色网脉，造成植株枯死。 
  形态特征: 成虫体长6—7mm，翅展14—15mm，前、后翅黄褐色且有褐色宽带。胸部较暗，腹部后缘白色，末节具黑点。前翅黄褐色，具横纹3条，外横线与外缘褐带相连，前缘也有褐色纵带，后翅有灰黑色横线2条。卵浅黄色i，扁平，椭圆形，长约1mm。末龄幼虫体长14—18mm，头小，体细长，全体略呈念珠状，黄绿色，两端略带橙黄色。蛹长6—8mm，黄褐色。该虫成虫较稻纵卷叶螟稍小，前翅3条横线均达翅缘。卵中央不隆起，稍凹陷。4—5龄幼虫全体略呈连珠状，色黄绿。蛹腹部各节背面光滑，无皱纹，无刺毛和突起。别于稻纵卷叶螟。
  生活习性: 显纹纵卷叶螟广西年生3代，四川南部4—5代。以3—4龄幼虫在发生地的 小麦田、谷子田或绿肥田、休闲田的稻桩叶鞘外侧和杆内、再生稻苗及沟边、塘边游草的卷苞里越冬，翌年4月底开始化蛹。5—6月第一代成虫出现，7月2代成虫羽化，8—9月进入3代成虫发生期。成虫日伏夜出，有强趋光性。喜把卵产在稻叶背面，每叶l一10多粒，第三代幼虫为害重。其他习性同稻纵卷叶螟。"
稻简管蓟马,http://www.cgris.net/disease/01－水稻/images/0517%20水稻-稻简管蓟马成虫腹面.jpg,"水稻稻简管蓟马　 
  学名:Haplothrips aculeatus  (Febricius)属缨翅目，管蓟马科。别名薏苡蓟马。分布在全国各地。 寄主 水稻、薏苡、玉米、英白、小麦、高粱、苜蓿、棘豆及禾本科水生蔬菜。 
  为害特点:成、若虫为害水稻、意茁、英白等禾本科作物的幼嫩部位，吸食汁液，叶片上出现无数白色斑点或产生水渍状黄斑，严重的内叶不能展开，嫩梢干缩，籽粒干瘪，影响产量和品质。
  形态特征:雌成虫体长1.4—1.7mm；黑褐色至黑色，略具光泽；前足胫节和跗节黄色；触角第1、2节黑褐色，第3节黄色；翅透明，鬃黄灰色，尖。头长大于宽，口锥宽平截；触角8节，第3节明显地不对称，具一个感觉锥，第4节具4个感觉锥。前胸横向，前财节内侧具齿；翅发达，中部收缩，呈鞋底形，无脉，有5—7根间插缨。腹部2—7节背板两侧各有一对向内弯曲的粗鬃，第10节管状，肛鬃长于管的1.3倍。第9背板端侧鬃明显短于管。雄成虫较雌虫小而窄，前足腿节扩大，前跗节具三角形大齿。卵肾形，长约o.3mm，初产白色，稍透明，后变黄色。 
  生活习性:山西年生7—9代，贵州8代，世代重叠，稻管蓟马在广东无明显的越冬现象，早稻秧田和本田偶见发生，但数量很少。在江苏以成虫在稻桩、树皮下、落叶或杂草中越冬，第二年春暖后开始活动，4月初为害麦苗，造成麦叶卷缩发黄，5月中旬，小麦孕穗及开花期为害最烈，水稻播种后转移为害水稻。稻管蓟马在稻田的发生数量，以穗部多于叶部，早稻穗期又重于晚稻穗期。在早稻穗期侵入为害的蓟马，一般以稻管蓟马为主，约占80％。稻管蓟马常成对或3、5只成虫栖息于叶片基部叶耳处，卵多产于叶片卷尖内。一般一个卷尖内有卵1—2粒，多的达6粒，散产。若虫和蛹多潜伏于卷叶内，以在叶尖附近居多。成虫活泼，稍受惊即飞散。阳光盛时，多隐藏在稻株茎部叶鞘内或卷叶内，黄昏或阴天多外出。
  防治方法: (1)春季彻底清除田边杂草，减少越冬虫口基数，加强田间管理，减轻为害。(2)蓟马为害高峰初期喷洒50％辛硫磷乳油1500倍液于心叶。此外，还可选用10％吡虫琳可湿性粉剂2500倍液、40％七星保乳油600-800倍液、2.5％保得乳油2000-2500倍液、10％大功臣可湿性粉剂每667m2用有效成分2g、44％多虫清乳油每667m2用30ml，对水60kg喷雾。　"
稻瘟病,http://www.cgris.net/disease/01－水稻/images/0008%20水稻苗叶瘟病症状.jpg,"水稻稻瘟病 
  症状: 又称稻热病、火烧瘟、叩头瘟。分布在全国各稻区，主要为害叶片、茎秆、穗部。因为害时期、部位不同分为苗瘟、叶瘟、节瘟、穗颈瘟、谷粒瘟。苗瘟  发生于三叶前，由种子带菌所致。病苗基部灰黑，上部变褐，卷缩而死，湿度较大时病部产生大量灰黑色霉层，即病原菌分生孢子梗和分生孢子。叶瘟  在整个生育期都能发生。分蘖至拔节期为害较重。由于气候条件和品种抗病性不同，病斑分为四种类型。慢性型病斑  开始在叶上产生暗绿色小斑，渐扩大为梭菜斑，常有延伸的褐色坏死线。病斑中央灰白色，边缘褐色，外有淡黄色晕圈，叶背有灰色霉层，病斑较多时连片形成不规则大斑，这种病斑发展较慢。急性型病斑  在感病品种上形成暗绿色近圆形或椭圆形病斑，叶片两面都产生褐色霉层，条件不适应发病时转变为慢性型病斑。白点型病斑  感病的嫩叶发病后，产生白色近圆形小斑，不产生孢子，气候条件利其扩展时，可转为急性型病斑。褐点型病斑  多在高抗品种或老叶上，产生针尖大小的褐点只产生于叶脉间，较少产孢，该病在叶舌、叶耳、叶枕等部位也可发病。节温  常在抽穗后发生，初在稻节上产生褐色小点，后渐绕节扩展，使病部变黑，易折断。发生早的形成枯白穗。仅在一侧发生的造成茎秆弯曲。穗颈瘟  初形成褐色小点，放展后使穗颈部变褐，也造成枯白穗。发病晚的造成秕谷。枝梗或穗轴受害造成小穗不实。谷粒瘟产生褐色椭圆形或不规则斑，可使稻谷变黑。有的颖壳无症状，护颖受害变褐，使种子带菌。 
  病原: Phyricularia grisea (Cooke)Sacc.称灰梨孢=Pyricularia oryae Cav.称稻梨孢，属半知菌亚门真蓖。有性态为Magnaporthe grisea 9Hebert)Barrnov.属子囊菌亚门真菌。自然条件下尚未发现。分生孢子梗不分枝，3-5根丛生，从寄主表皮或气孔伸出，大小80-160×4-6(μm)，具2-8个隔膜，基部稍膨大，淡褐色，向上色淡，顶端曲状，上生分生孢子。分生孢子无色，洋梨形或棍棒形，常有1-3个隔膜，大小14-40×6-14(μm)，基部有脚胞，萌发时两端细胞立生芽管，芽管顶端产生附着胞，近球形，深褐色，紧贴附于寄主，产生生侵入丝侵入寄主组织内。该菌可分做7群，128个生理小种。 
  传播途径和发病条件:  病菌以分生孢子和菌丝体在稻草和稻谷上越冬。翌年产生分生孢子借风雨传播到稻株上，萌发侵入寄主向邻近细胞扩展发病，形成中心病株。病部形成的分生孢子，借风雨传播进行再侵染。播种带菌种子可引起苗瘟。适温高湿，有雨、雾、露存在条件下有利于发病。菌丝生长温限8-37℃，最适温度26-28℃。孢子形成温限10-35℃，以25-28℃最适，相对湿度90%以上。孢子萌发需有水存在并持续6-8小时。适宜温度才能形成附着胞并产生侵入丝，穿透稻株表皮，在细胞间蔓延摄取养分。 阴雨连绵，日照不足或时晴时雨，或早晚有云雾或结露条件，病情扩展迅速。品种抗性因地区、季节、种植年限和生理小种不同而异。籼型品种一般优于粳型品种。同一品种在不同生育期抗性表现也不同，秧苗4叶期、分蘖期和抽穗期易感病，圆秆期发病轻，同一器官或组织在组织幼嫩期发病重。穗期以始穗时抗病性弱。偏施过施氮肥有利发病。放水早或长期深灌根系发育差，抗病力弱发病重。 
  防治方法:  (1)因地制宜选用2-3个适合当地抗病品种，如早稻有：早58、湘早籼3号、21号、22号，86-44，87-156，皖稻61，赣早籼39号、42号、41号，博优湛19号，中优早81号，中丝2号，培两优288号，华籼占，汕优77；中稻有：七袋占1号，七秀占3号，培杂山青，三培占1号，滇引陆粳1号，宁粳17号，宁糯4号，杨辐籼2号，胜优2号，杨稻2号、4号，东循101，东农419，七优7号，嘉45，秀水1067，皖稻28、32、34、36号、59号，汕优89号，特优689，汕优397，汕优多系1号，满仓515，泉农3号，金优63，汕优多系1号；晚稻有：秀水644，原粳4号，津稻308，京稻选1号，冀粳15号，花粳45号，辽粳244，沈农9017，冈优22，毕粳37，滇杂粳2号，冈优2号，滇籼13号、14号、40号，宁粳15、16号等抗稻瘟病品种。水稻旱种时可选用临稻3号、临稻5号、京31119、中国91等抗穗颈瘟品种。水稻进行旱直播时可选用郑州早粳、中花8号等抗病品种。(2)无病田留种，处理病稻草，消灭菌源。(3)按水稻需肥规律，采用配方施肥技术，后期做到干湿交替，促进稻叶老熟，增强抗病力。(4)种子处理。用56℃温汤浸种5分钟。用10%401抗菌剂1000倍液或80%402抗菌剂2000倍液、70%甲基托布津(甲基硫菌灵)可湿性粉剂1000倍液浸种2天。也可用1%石灰水浸种，10-15℃浸6天，20-25℃浸1-2天，石灰水层高出稻种15cm，静置，捞出后清水冲洗3-4次。用2%福尔马林浸种20-30分钟，然后用薄膜覆盖闷种3小时。(5)药剂防治  抓住关键时期，适时用药。早抓叶瘟，狠治穗瘟。发病初期喷洒20%三环唑(克瘟唑)可湿性粉剂1000倍液或用40%稻瘟灵(富士一号)乳油1000倍液、50%多菌灵或50%甲基硫菌灵可湿性粉剂1000倍液、50%稻瘟肽可湿性粉剂1000倍液、40%克瘟散乳剂1000倍液、50%异稻瘟净乳剂500-800倍液、5%菌毒清水剂500倍液。上述药剂也可添加40mg/kg春雷霉素或加展着剂效果更好。叶温要连防2-3次，穗瘟要着重在抽穗期进行保护，特别是在孕穗期(破肚期)和齐穗期是防治适期。下面是有关图片:"
黄叶病,http://www.cgris.net/disease/01－水稻/images/0064%20水稻黄叶病症状.jpg,"水稻黄叶病　
  病原: Rice transitory yellowing virus称简RTYV，称水稻黄叶病毒或暂黄病毒，属病毒。病毒粒体呈子弹状或杆菌状，大小120-140×96(nm)，多聚集于细胞核的内外膜间，也有散布于细胞核和细胞质中的。病毒钝化温度56-58℃，稀释限点100000-1000000倍，体外存活期30℃为36小时，0-2℃为11天。病毒粒体常限制在韧皮部细胞中。 
  传播途径和发病条件:  黄叶病由黑尾叶蝉、二点黑尾叶蝉、二条黑尾叶蝉传播。能终身传毒，不经卵传递。病毒在介体昆虫体内、再生稻、看麦娘等植物上越冬，翌年传至早稻，成为初侵染源。收获后叶蝉迁飞至二季稻上传毒，二季稻收获后，病毒又随介体在冬季寄主上越冬。介体昆虫数量多，带毒率高发病重。一般籼稻较粳、糯稻发病轻，并以杂交稻耐病性最好。夏季少雨、干旱，促进叶蝉繁殖，有利于活动取食，还缩短了循回期和潜育期，有利于病害流行。 
  防治方法:  (1)加强农业防治，尽量减少单、双季稻混栽面积，切断介体昆虫辗转为害。深翻地，减少越冬寄主和越立虫源。合理布局，连片种植，尽可能种植熟期相近的品种，减少介体迁移传病。早播要种植抗病品种。收获时要背向割稻。(2)选用抗病良种  如白壳矮、博罗矮、IR29、溪南矮、木泉等。(3)治虫防病  把介体昆虫消灭在传毒之前，早稻在冬代叶蝉迁飞前移栽。在越冬代叶蝉迁移期和稻田一代若虫盛孵期进行防治。双季稻区在早稻大量收割期至叶蝉迁飞高峰前后防治。晚稻秧田，从真叶开始注意防治，结合网捕。晚稻连作田初期加强防治，间隔3-5天一次。单双季稻混栽对早稻要加强防治。晚稻早栽早期也要加强防虫。使用药剂参见水稻矮缩病。"
褐边螟,http://www.cgris.net/disease/01－水稻/images/0485%20水稻褐边螟雄蛾展翅.jpg,"水稻褐边螟　  
  学名: Catagela adjurella Walk  鳞翅目，螟蛾料。国内分布北限为黄河以南，南至广东、广西、云南，东临滨海，西达四川。  寄主  水稻、稗、鸭舌草、荆三棱等。  
  为害特点: 幼虫钻茎而入，多从水稻剑叶叶鞘空隙处向下蛀入茎秆第一节，蠕行至白色柔嫩组织处蛀食，且转株为害。 
  形态特征: 成虫雌蛾体长10mm左右，翅展20—123mm。前翅黄褐色，前缘褐色，从顶角到后缘具1褐色斜纹，翅中央具棕褐色小点3个，排列成等边三角形，外缘具棕褐色小点7个，缘毛浅黄色。后翅银灰色。卵乳白色至青黑色。卵块为长椭圆形，覆盖灰黄色鳞毛匀称，无杂色。末龄幼虫体长15—20mm，头深褐色，胸部、腹部主要是绿色，从腹部第2节后渐渐转黄。蛹长11—13mm，初黄绿色，后变浅黄色，羽化前变成黄褐色。茧白色。 
  生活习性: 发生代数、发生期与三化螟相似，以末龄幼虫在寄主残留株或背风向阳的沟边杂草上越冬。卵成块产在稻叶上，初孵幼虫喜爬至叶尖处吐丝下坠，借风扩散，从茎上钻孔侵入。水稻孕穗或抽穗时，则从剑叶叶鞘空隙处向下钻入茎秆的第1节，爬至白色幼嫩组织处蛀害。有的转株为害，先把近水面的稻茎咬断后吐丝封口，咬断茎的另一端则形成囊状物，幼虫隐藏在其中浮在水面上，碰到新稻株后，爬至稻茎上向内蛀食，钻入新株后又吐丝遮住蛀孔。该虫喜在湿润的环境中生存，喜在旱秧田中为害，转株为害现象明显。  
  防治方法:参见水稻三化螟。 "
稻直鬃蓟马,http://www.cgris.net/disease/01－水稻/images/0518%20水稻-稻简管蓟马（左）和稻直鬃蓟马成虫背面.jpg,"水稻稻直鬃蓟马(稻蓟马)　
  学名:Stenchaetothrips  biformis(Bagnall)属缨翅目，蓟马科。广布全国各稻区。寄主 南方为害水稻，北方为害小麦、大麦、野燕麦、李氏禾、玉米等禾本科植物。
  为害特点:成、若虫以锉吸式口器挫破叶面吮吸汁液，致受害叶产生黄白色微细色斑，叶尖两翼向内卷曲，叶片发黄，分蘖初期受害早的苗朽住不长，发根缓慢，分蘖少或无，严重的成团枯死。受害重的晚稻秧田常成片枯死似火烧状。穗期受害主要为害穗苞，扬花期进入颖壳里为害子房，破坏花器，形成瘪粒或空壳。
  形态特征:雌成虫体长1.2一1.4mm，体褐色至黑褐色，触角第2节端部和第3至第4节色淡，前翅灰色。头近正方形，单眼前鬃长于单眼间鬃，单眼间鬃位于单眼三角形连线外缘；复眼后鬃4根，B1、B：长于单眼间鬃。触角7节，第3、4节着生叉状感觉锥，第5节外侧有1个，第6节外侧有3个，内侧有1个简单感觉锥。前胸背板明显长于头部，或约于头长相等，后角各具2根长鬃，后缘有3对短鬃。前翅狭长向端部变尖，有2条纵脉，上脉基鬃4+3根，端鬃3根，下脉鬃11—13根；中、后胸腹板内叉骨均无刺。腹部2—7背板后缘具不规则栉齿，第8腹背板后缘梳毛完整，但中部梳毛短小。雄成虫体长1.1—1.2mm，体色同雌。腹部3—7节腹板具腺域。腹端钝圆。卵肾形，长约0.26mm，宽0.1mm，初产白色透明，后变淡黄色。若虫共分4龄。一龄体长0.3-0.4mm，乳白色，触角直伸头前方，无单眼及翅芽。二龄体长0.5一1mm，淡黄绿色，特征同1龄。三龄又称前蛹，体长0.8一1.2mm，淡黄色，触角向头的两侧伸展，单眼模糊，翅芽短。四龄又称蛹，体长0.8—1.3mm，淡黄色，触角折向头、胸背面，单眼3个明显，翅芽长达第6至第7腹节。
  生活习性:年生10一20代，第二代后开始出现世代重叠。以成虫在茭白、麦类、李氏禾、看麦娘等禾本科植物上越冬。在江苏第一代成虫进入英白、稻田后即产卵，成虫盛发与产卵盛期同时出现。在两广、福建等省冬季可见各虫态。成虫营两性或孤雌生殖，5—6月 卵期8天左右，若虫期8—10天，成虫活泼，羽化后1—2天即产卵，2—8天进入产卵盛期，每雌产50多粒，卵多产在嫩叶组织里，产卵适温18—25℃，气温高于27℃虫口减少。若虫盛发高峰期主要是3、4龄若虫，有时若虫盛发期后3天就出现成虫盛发期。
  防治方法: (1)农业防治 早稻秧出苗前及时铲除田边、沟旁杂草和枯叶，减少越冬虫源。(2)施足基肥和叶面肥，促秧苗早返青、早分蘖，适时晒田、搁田，提高耐虫能力。对已受为害的田块，应追施氮磷钾速效肥，促进稻苗生长。(3)药剂防治的策略是狠抓秧田，巧抓大田，主防若虫，兼防成虫。及时喷洒2.5％保得乳油2000一2500倍液或20％吡虫啉(康福多)浓可溶剂2500—4000倍液、20％丁硫克百威乳油2000倍液、10％除尽乳油2000倍液、1.8％爱比菌素乳油2000倍液，也可喷洒25％双硫磷或杀螟松乳油500倍液或5％锐劲特胶悬剂每667m2 20ml对水喷雾。此外还可施用3％呋喃丹颗粒剂，667m2 1.5kg，与湿润细土20kg拌匀，播种时撒在秧板上，拌后塌谷，使药剂均匀分布在土层内，持效期较长。此外也可在栽秧的当天撒在本田内，效果也很好。"
胡麻斑病,http://www.cgris.net/disease/01－水稻/images/0022%20水稻胡麻斑病初期病叶.jpg,"水稻胡麻斑病 
  症状: 又称水稻胡麻叶枯病。全国各稻区匀有发生。从秧苗期至收获期均可发病，稻株地上部均可受害，以叶片为多。种子芽期受害，芽鞘变褐，芽未抽出，子叶枯死。苗期叶片、叶鞘发病  多为椭圆病斑，如胡麻粒大小，暗褐色，有时病斑扩大连片成条形，病斑多时秧苗枯死。成株叶片染病  初为褐色小点，渐扩大为椭圆斑，如芝麻粒大小，病斑中央褐色至灰白，边缘褐色，周围有深浅不同的黄色晕圈，严重时连成不规则大斑。病叶由叶尖向内干枯，潮褐色，死苗上产生黑色霉状物(病菌分生孢子梗和分生孢子)。叶鞘上染病  病斑初椭圆形，暗褐色，边缘淡褐色，水渍状，后变为中心灰褐色的不规则大斑。穗颈和枝梗发病  受害部暗褐色，造成穗枯。谷粒染病  早期受害的谷粒灰黑色扩至全粒造成秕谷。后期受害病斑小，边缘不明显。病重谷粒质脆易碎。气候湿润时，上述病部长出黑色绒状霉层，即病原菌分生孢子梗和分生孢子。 
  病原: Bipolaris oryzae(Breda de Hann) Shoem.称稻平脐蠕孢，属半知菌亚门真菌。异Helminthosporium oryzae Breda de Haan。分生孢子梗2-5个束状自气孔伸出，不分枝，稍曲，有隔膜。分生孢子顶生，倒棍棒形或长圆筒形，微弯，褐色，有3-11个隔膜，大小24-122×11-23(μm)，有性态Cochliobolus miyabeanus (Ito etkuribayashi) Drechsler ex Dastur称宫部旋孢腔菌，属子囊菌亚门真菌，仅在培养基上发现，自然条件下不产生。 
  传播途径和发病条件:病菌以菌丝体在病残体或附在种子上越冬，成为翌年初侵染源。病斑上的分生孢子在干燥条件下可存活2-3年，潜伏菌丝体能存活3-4年，菌丝翻入土中经一个冬季后失去活力。带病种子播后，潜伏菌丝体可直接侵害幼苗，分生孢子可借风吹到秧田或本田，萌发菌丝直接穿透侵入或从气孔侵入，条件适宜时很快出现病症，并形成分生孢子，借风雨传播进行再侵染。高温高湿、有雾露存在时发病重。酸性土壤，砂质土，缺磷少钾时发病。旱秧田发病重。菌丝生长温限5-35℃，24-30℃最适，分生孢子形成温限8-33℃，30℃最适。萌发温限2-40℃，24-30℃最适。孢子萌发须有水滴存在，相对湿度大于925。饱和湿度下25-28℃，4小时就可侵入寄主。 
  防治方法:  (1)深耕灭荐，压低菌源。病稻草要及时处理销毁。(2)选在无病田留种或种子消毒。(3)增施腐熟堆肥做基肥，及时追肥，增加磷钾肥，特别是钾肥的施用可提高植物株抗病力。酸性土注意排水，适当施用石灰。要浅灌勤灌，避免长期水淹造成通气不良。(4)药剂防治参见稻瘟病。"
条纹叶枯病,http://www.cgris.net/disease/01－水稻/images/0065%20水稻条纹叶枯病中后期症状.jpg,"水稻条纹叶枯病　 
  症状: 苗期发病  心叶基部出现褪绿黄白斑，后扩展成与叶脉平行的黄色条纹，条纹间仍保持绿色。不同品种表现不一，糯、粳稻和高秆籼稻心叶黄白、柔软、卷曲下垂、成枯心状。矮秆籼稻不呈枯心状，出现黄绿相间条纹，分蘖减少，病株提早枯死。病毒病引起的枯心苗与三化螟为害造成的枯心苗相似，但无蛀孔，无虫粪，不易拔起，别于蝼蛄为害造成的枯心苗。分蘖期发病  先在心叶下一叶基部出现褪绿黄斑，后扩展形成不规则黄白色条斑，老叶不显病。籼稻品种不枯心，糯稻品种半数表现枯心。病株常枯孕穗或穗小畸形不实。拔节后发病  在剑叶下部出现黄绿色条纹，各类型稻均不枯心，但抽穗畸形，结实很少。 
  病原: Rice stipe virus简称RSV，称水稻条纹叶枯病毒，属水稻条纹病毒组(或称柔线病毒组)病毒。病毒粒子丝状，大小400×8nm，分散于细胞质、液泡和核内，或成颗粒状、砂状等不定形集块，即内含体，似有许多丝状体纠缠而成团。病叶汁液稀释限点1000-10000倍，钝化温度为55℃3分钟，零下20℃，体外保毒期(病稻)8个月。 
  传播途径和发病条件:  本病毒仅靠介体昆虫传染，其它途径不传病。介体昆虫主要为灰飞虱，一旦获毒可终身并经卵传毒，至于白脊飞虱在自然界虽可传毒，但作用不大。最短吸毒时间10分钟，循回期4-23天，一般10-15天。病毒在虫体内增殖，还可经卵传递。病毒侵染禾本科的水稻、小麦、大麦、燕麦、玉米、粟、黍、看麦娘、狗尾草等50多种植物。但除水稻外，其它寄主在侵染循环中作用不大。病毒在带毒灰飞体内越冬，成为主要初侵染源。在大、小麦田越冬的若虫，羽化后在原麦田繁殖，然后迁飞至早稻秧田或本田传毒为害并繁殖，早稻收获后，再迁飞至晚稻上为害，晚稻收获后，迁回冬麦上越冬。水稻在苗期到分蘖期易感病。叶龄长潜育期也较长，随植株生和抗性逐渐增强。条纹叶枯病的发生与灰飞虱发生量、带毒虫率有直接关系。春季气温偏高，降雨少，虫口多发病重。稻、麦两熟区发病重，大麦、双季稻区病害轻。 
  防治方法: (1)调整稻田耕作制度和作物布局。成片种植，防止灰飞虱在不同季节、不同熟期和早、晚季作物间迁移传病。忌种插花田，秧田不要与麦田相间。(2)种植抗(耐)病品种。因地制宜选用中国91、徐稻2号、宿辐2号、盐粳20、铁桂丰等。(3)调整播期，移栽期避开灰飞虱迁飞期。收割麦子和早稻要背向秧田和大田稻苗，减少灰飞虱迁飞。加强管理促进分蘖。(4)治虫防病，抓住传毒迁飞前期集中防治，
  防治方法:参见灰飞虱。"
台湾稻螟,http://www.cgris.net/disease/01－水稻/images/0486%20水稻-台湾稻螟幼虫.jpg,"水稻台湾稻螟　  
  学名: Chilo auricilius Dudgeno异名Chilotraea auricilia (Dudgeon)鳞翅目，螟蛾科。分布在中国南方稻区。台湾、福建、海南、广东、广西、云南、四川均较常见。江苏、浙江也有发生。  寄主  水稻、甘蔗、高梁、玉米、粟等。  
  为害特点: 幼虫从叶鞘、叶耳处侵入后，先集中在叶鞘内取食，形成枯梢，有的蛀入茎内，形成枯心苗和白穗，幼虫常转株为害，蛀孔大，略呈方形。 
  形态特征: 雄蛾体长6.5—8.5mm，翅展18—23mm，触角略呈锯齿状。前翅黄褐色，布有暗褐色点，中央具隆起的有金属光泽的4个深褐色斑块，外缘具小黑点7个。后翅浅黄褐色，缘毛白色。雌蛾体长9.2—11.8mm，翅展23—28mm，触角丝状。前翅色与雄蛾相近，斑纹较雄蛾色浅但粗大，后翅雌雄相似。卵扁椭圆形，白色至灰黄色，卵块成行排列，1—3行呈鱼鳞状。末龄幼虫体长16—25mm，头部暗红色至黑褐色，体浅黄白色，背面具褐色纵线5条，最外侧纵线从气门上方通过。台湾稻螟幼虫5—7龄。幼虫腹足趾钩双序全环，外方趾钩稍短，但与内方同密，别于二化螟。蛹长9—15mm；纺锤形，褐色，与二化螟相近，但额中央凹下，两侧呈角状突出，5—7腹节背面近前缘处各具1横列齿状小突起。背面有5条褐色纵线。  
  生活习性: 我国南方年生3—6代，多以幼虫在稻茬或稻草中越冬。广东越冬代发蛾期与二化螟相近，以后各代早于二化螟，3月中旬进入盛发期L成虫有趋光性，喜在浓绿的稻苗上产卵，每雌产卵4—6块，每卵块有卵30多粒，个别高达190粒。初孵幼虫吐丝借风飘散，在叶鞘内为害的幼虫老熟后爬至最外层叶鞘内吐丝结茧化蛹，已钻入稻茎的幼虫则迁至稻株近水面6—10cm处，把稻茎的内壁咬一环状羽化孔，仅留十层薄膜，然后化蛹在茎内，成虫羽化后破膜而出。  
  防治方法:同水稻二化螟。"
花蓟马,http://www.cgris.net/disease/01－水稻/images/0520%20水稻花蓟马成虫腹面放大.jpg,"水稻花蓟马　  
  学名: Frankliniella intonsa(Trybom)缨翅目，蓟马科。异名Frankliniella formosaeMoulton。别名台湾蓟马。  寄主  稻、棉、甘蔗、瓜类、茄果类、豆类等。  
  为害特点: 成虫和若虫为害作物花器，减少结实量，有时也为害幼苗嫩叶。 
  形态特征: 成虫体长约1.3mm，褐色带紫，头胸部黄褐色；触角较粗壮，第三节长为宽的2.5倍并在前半部有一横脊；头短于前胸，后部背面皱纹粗，颊两侧收缩明显；头顶前缘在两复眼间较平，仅中央稍突；前翅较宽短，前脉鬃20一21根，后脉鬃14—16根；第8腹节背面后缘梳完整，齿上有细毛；头、前胸、翅脉及腹端鬃较粗壮且黑。二龄若虫体长约1mm，基色黄；复眼红；触角7节，第3、4节最长，第3节有覆瓦状环纹，第4节有环状排列的微鬃；胸、腹部背面体鬃尖端微圆钝；第9腹节后缘有一圈清楚的微齿。  
  生活习性: 在我国南方年发生11—14代，以成虫越冬。成虫有趋花性，卵大部分产于花内植物组织中，如花瓣、花丝、花膜、花柄，一般产在花瓣上。每雌产卵约180粒。产卵历期长达20—50天。  
  防治方法:参见稻管蓟马。　"
叶鞘腐败病,http://www.cgris.net/disease/01－水稻/images/0025%20水稻叶鞘腐败病初期症状%20.jpg,"水稻叶鞘腐败病　 
  症状: 秧苗期至抽穗期均可发病。幼苗染病  叶鞘上生褐色病斑，边缘不明显。分蘖期染病  叶鞘上或叶片中脉上初生针头大小的深褐色小点，向上、下扩展后形成菱形深褐色斑，边缘浅褐色。叶片与叶脉交界处多现褐色大片病斑。孕穗至抽穗期染病  剑叶叶鞘先发病且受害严重，叶鞘上生褐色至暗褐色不规则病斑，中间色浅，这缘黑褐色较清晰，严重的现虎斑纹状病斑，向整个叶鞘上扩展，致叶鞘和幼穗腐烂。湿度大时病斑内外现白色至粉红色霉状物，即病原菌的子实体。 
  病原:Sarocladium oryzae (Sawada) W.  Gams. et Webster称稻帚枝霉，属半知菌亚门真菌。异名Acrocylindrium oryzae Sawada。病部产生的分生孢子梗圆柱状，有1-2回分枝，每次分枝3-4根，在分枝顶端着生分生孢子。分生孢子单胞无色，圆柱形至椭圆形，大小3-20×1.5-4(μm)。病菌生长温限10-35℃，菌丝生长和产生孢子适温为25-30℃，适宜pH值为3-9，其中pH5.5最适。光照对病菌的生长发衣、产生孢子有抑制作用，黑暗时产孢多。30℃潜育期1天，20-28℃为2天，23℃为3天，19℃为4天。诸葛根樟研究认为本病与紫鞘病为同一病原，病菌通过伤口侵入寄主的，往往造成组织坏死，出现鞘腐病。从自然孔口侵入的往往造成细胞死亡，则出现紫鞘病。但陈吉棣等研究认为紫鞘病是另一病原。 
  传播途径和发病条件:  该病种子带菌率59.7%，病菌可侵至颖壳、米粒，病菌在种子上可存活到翌年8-9月；稻草带菌散落场面的存活137天；浸泡田水中存活38天；褐飞虱、蚜虫、叶螨也带菌。侵染方式分3种。一是种子带菌的，种子发芽后病菌从生长点侵入，随稻苗生长而扩展，有系统侵染的特点。二是从伤口侵入。三是从气孔、水孔等自然也口侵入。发病后病部形成分生孢子借气流传播，进行再侵染。病菌侵入和在体内扩展最适温度为30℃，低温条件下水稻抽穗慢，病菌侵入机会多；高温时病菌侵染率低，但病菌在体内扩展快，发病重。生产上氮磷钾比例失调，尤其是氮肥过量、过迟或缺磷及田间缺肥时发病重。早稻及易倒伏品种发病也重。此外，水稻齿叶矮缩病也能诱发典型的叶鞘腐败病。 
  防治方法:  (1)早稻选用浙辐802、原丰早、二九丰、四梅四号、沪南早；晚稻选用加湖5号、农试4号等抗病品种。(2)合理施肥，采用配方施肥技术，避免偏施、协施氮肥，做到分期施肥，防止后期脱肥、早衰。砂性土要适当增施钾肥。杂交制种田母本要喷赤霉素，促其抽穗。(3)积水田要开深沟，防止积水，一般田要浅水勤灌，适时涸田，使水稻生育健壮，提高抗病能力。(4)药剂处理种子参见稻瘟病。田间喷药结合防治稻瘟病可兼治本病。必要时可喷洒50%苯菌灵可湿性粉剂1500倍液，隔15天1次，防治1次或2次。此外还可选用0.02%高锰酸钾溶液，防效70%。或50%丰米超微可湿性粉剂，每667m2用药75g，防效60%左右，较多菌灵、粉锈宁、三环唑、瘟特灵防效高。提倡使用40%禾枯灵可湿性粉剂，每667m2用药60-75g，对水60L喷雾，还可兼治水稻紫鞘病、叶尖枯病、稻曲病等。"
齿矮病,http://www.cgris.net/disease/01－水稻/images/0066%20水稻锯齿矮缩病叶尖症状.jpg,"水稻齿矮病　 
  症状: 又称裂叶矮缩病。分布在广东、福建、台湾、海南、湖南、湖北、江西、浙江等省。染病株矮化，叶尖旋转，叶缘有锯齿状缺刻。苗期染病  心叶的叶尖常旋转10多圈，心叶下叶缘破裂成缺口状，多为锯齿状。分蘖期染病  植株矮化，株高仅为健株1／2，叶片皱缩扭曲，边缘呈锯齿状，缺刻深约0.1-0.5cm，一般不超过中脉，一片叶上常现3-5个缺刻，有时多达13个。有些品种于拔节孕穗期发病，在高节位上产生1至数个分枝，称“节枝现象”，分枝上抽出小穗，多不结实。有时叶鞘叶脉肿大，病株开花延迟，剑叶缩短，穗小不实。  
  病原: Rice ragged stunt virus简称RRSV，称稻裂叶病毒，属呼肠弧病毒组病毒。病毒粒体为等径球状体，大小50-60nm，含有双链的核糖核酸。钝化温度60℃，稀释限点100000倍，病毒在稻叶韧皮部细胞中生存。  
  传播途径和发病条件:  该病传毒媒介主要是褐飞虱(Nilaparvatalugeas)，传毒率为2.5%-55%，病毒在虫体内循回期10天，能终身传毒，但不能经卵传至下一代，有间隙传毒现象有，间隙期1-6天，水稻感染病毒后经13-15天潜育才显症，潜育期长短与气温相关。发病程度与带毒数量有关。在田间此病有双重或三重感染或复合侵染情况，即同一植株上可以受齿矮病毒及其他病毒多重侵染，出现单独症状或协生症状。本病毒除侵染水稻外，还可侵染麦类、玉米、甘蔗、稗草、李氏禾等。 
  防治方法: 参见水稻黄叶病。"
稻筒水螟,http://www.cgris.net/disease/01－水稻/images/0489%20水稻-稻筒水螟雌成虫.jpg,"水稻稻筒水螟　  
  学名: Nymphula fluctuosalis Zeller鳞翅目，螟娥科。别名稻筒白螟、稻筒螟。分布福建、台湾、广东、广西、四川、云南、河南、宁夏、贵州等省。  寄主  水稻、睡莲、水生杂草等。  
  为害特点: 幼虫生活在水中，把稻叶咬成碎片并吐丝联缀成筒状，隐居在筒中为害稻叶，致许多叶筒浮于水面。 
  形态特征: 成虫体长6—7mm，翅展13—19mm，头、胸、腹部白色，生有黑色斑点。前翅亚基线、内横线黑色倾斜，从中室至内缘褐黄色，中室上角具不明显褐黄色斑纹1条，附1黑点，又生十分倾斜的暗黄色宽带1条，从前缘向下角弯曲。后翅从中室到内缘具1倾斜亚基线，在内缘与另1条从前缘中央伸出的斜线相交，外横线略弯曲倾斜，褐黄色并有黑边。亚缘线黑色，缘线褐黄色。卵白色，长柠檬形，一端尖嘴状，底平坦，表生纵沟。末龄幼虫体长13mm左右，黄白灰色，光滑无毛，两端色较深，头浅黄色，前胸背板浅褐色，具赤褐色斑点。蛹长8mm左右，浅黄色，腹部2—4节气孔片突出，赤褐色。 
  生活习性: 南方年生2代。幼虫生活在水中，幼虫腹部两侧伸出丝状细长的气管鳃进行呼吸，幼虫老熟后吐丝作茧化蛹。宁夏成虫于7月中下旬盛发，把卵产在水面的叶片上，30一50粒一群，平铺，排列紧密不重叠。  
  防治方法:  加强稻田苗期检查，如发现有虫，可马上排水，然后用2.5％敌百虫粉加细土1比1混合，每667m2撒药土3kg，可杀死幼虫。"
禾蓟马,http://www.cgris.net/disease/01－水稻/images/0521%20水稻花蓟马（左）和禾蓟马成虫.jpg,"水稻禾蓟马　  
  学名: Frankliniella tenuicornis  (Uzel)属缨翅目，蓟马科。别名玉米蓟马、瘦角蓟马。分布在内蒙古、辽宁、福建、广东、广西、四川、云南、西藏、陕西、甘肃、青海、宁夏、新疆、江西、河南等省区。  寄主  水稻、玉米、麦类、高粱、糜子等禾本科植物和空心菜、茄子、茄瓜。  
  为害特点: 多在寄主植物的心叶内活动为害，当食害伸展的叶片时，多在叶正面取食，叶片呈现成片的银灰色斑。为害严重的可造成大批死苗。 
  形态特征: 雌虫体长1.3—1.5mm，体灰褐到黑褐色，胸部稍浅，腹部顶端黑色；触角黑褐色，仅第3、4节黄色；腿节顶端和全部肠节、跗节黄至黄褐色；翅淡黄色；鬃黑色。头部长大于宽，较前胸略长，颊平行，头顶略凸，各单眼内缘色暗；单眼间鬃长，着生于三角形连线外缘。触角8节，细长，第3节长是宽的3倍，第3、4节各着生一叉状感觉锥。前胸背板较平滑，前角各具一长鬃，前缘中对鬃稍长，后角各具2对长鬃，后缘有5对鬃。前翅脉鬃连续，上脉鬃18—20根，下脉鬃14—15根。第8腹节背板后缘梳不完整。雄成虫较雌虫小而窄，足和触角黄色，腹部3—7腹板有似哑铃形腺域。二龄若虫触角7节，较瘦细，第1、2节端部，第3节两端白色。 
  生活习性: 贵州年约生13代，越冬成虫于3月初开始活动，先后在小麦、稗草等春夏开花抽穗的寄主上繁殖4代左右，6月中旬后迁到稻株上产卵繁殖，禾蓟马在水稻、茭白上约发生8代，又迁到其他寄主上取食为害，在玉米上以成虫为主，苗期多隐藏在心叶喇叭口内，多在叶正面食伸展的叶片，仅次于玉米黄呆蓟马。禾蓟马羽化后不久即可交尾，经1—3天开始产卵，成虫寿命24天左右，产卵历期19天。禾蓟马成虫比稻蓟马、稻管蓟马活泼善跳，稍有惊动即迅速跳开或举翅迁飞。禾蓟马在相对湿度50％一90％均能发生，70％一85％较适。  
  防治方法:  (1)苗期汰除有虫株，带出田外沤肥或深埋，可减少虫源。(2)必要时喷洒40％七星保乳油600一800倍液或10％吡虫啉可湿性粉剂2500倍液或25％辉丰快克乳油1500一2000倍液。"
紫鞘病,http://www.cgris.net/disease/01－水稻/images/0029%20水稻紫鞘病田间为害状%20.jpg,"水稻紫鞘病　 
  症状: 水稻抽穗后，剑叶叶鞘上产生密集的针尖大小的紫色小点，后逐渐扩展到叶鞘的大部分或全叶鞘变为紫褐色，叶鞘外壁尤其明显，有时侵染到内壁或深达茎部，发病重的剑叶提早7-10天枯死。有时扩展到第二至第三叶鞘，但叶片不枯死，湿度大时，病部现白色粉状物，即病原菌的分生孢子梗和分生孢子。谷粒染病产生褐色病变或形成褐斑，千粒重下降。有认为此症状是水稻叶鞘腐败病抽穗后发生的紫鞘型。 
  病原: Sarocladium sinense Chen, Zhang et Fu.称中华帚枝杆孢，属半知菌亚门真菌。形态特征与S.oryzae基本相似。有认为本病与叶鞘腐败病(S.oryzae)为同一病原。 
  传播途径和发病条件:、
  防治方法:  参见水稻叶鞘腐败病。防治紫鞘病时，应在水稻6%已抽穗时，喷洒50%苯菌灵可湿性粉剂1500倍液，此外每667m2可选用50%多菌灵60g，加5%井冈霉素80ml，对水65-70L混合喷洒防效80%以上。  "
矮缩病,http://www.cgris.net/disease/01－水稻/images/0067%20水稻矮缩病分蘖期症状.jpg,"水稻矮缩病　 
  症状: 主要分布在南方稻区。又称水稻普通矮缩病、普矮、青矮等。水稻在苗期至分蘖期感病后，植株矮缩，分蘖增多，叶片浓绿，僵直，生长后期病稻不能抽穗结实。病叶症状表现为两种类型。白点型  在叶片上或叶鞘上出现与叶脉平行的虚线状黄白色点条斑，以基部最明显。始病叶以上新叶都出现点条，以下老叶一般不出现。扭曲型  在光照不足情况下，心叶抽出呈扭曲状，随心叶伸展，叶片边缘出现波状缺刻，色泽淡黄。孕穗期发病，多在剑叶叶片和叶鞘上出现白色点条，穗颈缩短，形成包颈或半包颈穗。 
  病原: Rice dwarf virus简称RDV，称水稻矮缩病毒，属植物呼肠弧病毒组病毒。病毒粒体为球状多面体，等径对称，大小75nm，粒体内含有双链核糖核酸。病毒钝化温度40-45℃，稀释限点1000-100000倍，体外存活期48小时。颊毒粒体多集中在病叶的褪绿部分。在白色斑点的叶部细胞内，含有近球形内含空胞的X体。 
  传播途径和发病条件:  该病毒可由黑尾叶蝉、二条黑尾叶蝉和电光叶蝉传播。以黑尾叶蝉为主。带菌叶蝉能终身传毒，可经卵传染。黑尾叶蝉在病稻上吸汗最短获毒时间5分钟。获毒后需经一段循回期才能传毒，循回期20℃时为17天，29.2℃为12.4天。水稻感病后经一段潜育期显症，苗期气温22.6℃，潜育期11-24天，28℃为6-13，苗期至分蘖期感病的潜育期短，以后随龄期增长而延长。病毒在黑尾叶蝉体内越冬，黑尾叶蝉在看麦娘上以若虫形态越冬，翌春羽化迁回稻田为害，早稻收割后，迁至晚稻上为害，晚稻收获后，迁至看麦娘、冬稻等38种禾本科植物上越冬。带毒虫量是影响该病发生的主要因子。水稻在分蘖期前较易感病。冬春暖、伏秋旱利于发病。稻苗嫩，虫源多发病重。 
  防治方法:  (1)选用抗(耐)病品种  如国际26等。(2)要成片种植，防止叶蝉在早、晚稻和不同熟性品种上传毒。早稻早收，避免虫源迁入晚稻。收割时要背向晚稻。(3)加强管理，促进稻苗早发，提高抗病能力。(4)推广化学除草，消灭看麦娘等杂草，压低越冬虫源。(5)治虫防病。及时防治在稻田繁殖的第一代若虫，并要抓住黑尾叶蝉迁飞双季晚稻秧田和本田的高峰期，把虫源消灭在传毒之前。可选用25%噻嗪酮可湿性粉剂，每667m225g或35%速虱净乳油100ml、25%速灭威可湿性粉剂100g，对水50L喷洒，隔3-5天1次，连防1-3次。"
稻水螟,http://www.cgris.net/disease/01－水稻/images/0490%20水稻-稻水螟虫苞和幼虫.jpg,"水稻稻水螟　 
  学名:Nymphula vittalis (Bremer)鳞翅目，螟蛾科。则名稻水野螟、稻筒卷叶螟、稻筒螟。分布北起黑龙江、内蒙古，南至台湾、广东、广西、云南，东起国境线，西至宁夏、甘肃折至四川、云南。 寄主 水稻、看麦娘、眼子菜等。 
  为害特点:幼虫吐丝把叶片卷曲成筒状，隐居其中漂浮在水面上为害水稻叶片。 
  形态特征:成虫体长5mm左右，翅展19mm，头部、胸部黄白色，腹部浅黄色，各腹节的末端具黑褐色鳞片。前翅黄色并有二条与外缘平行的白色条纹，外条细，内条粗且下段弯向翅的后缘，沿中室还有1白色条纹，前缘中间生暗褐色点，中室有小黑点2个，中室以下生1斜线，所有白色条纹的边缘均为暗褐色，缘毛白色。后翅基部的斑点暗褐色，中横线黑褐色，外横线较广，色黄，两侧褐色。外缘线黄色，内外侧有黑线，外侧之内有黑点一列。其前后角与外横线相连。缘毛灰色。两翅反面灰白色。卵长柠檬形，一端尖嘴状，底平坦，表面有纵沟。幼虫体长15mm，扁，浅灰色。头浅褐色，具浓褐色斑纹，胴部第1节背面特大，浅褐色，有椭圆形环纹，胸足具长爪。蛹长8mm，浅黄色，腹部2—4节气孔片突出，赤褐色。 
  生活习性:年生1代，成虫于7月间发现。幼虫能背负以稻叶做成的筒巢，匍匐在稻田水底泥土上或浮在水面，食害根茎及叶片。有转株为害习性。老熟后在茎基部化蛹。宁夏7月中下旬盛发，把卵产在水面的叶片上，30-50粒一群。
  防治方法: (1)利用黑光灯诱杀成虫。(2)加强虫情检查，发现有虫马上排水，水口处挡草篱，防止幼虫蔓延，然后喷2.5％敌百虫粉，每667m22.0kg有效。"
端大蓟马,http://www.cgris.net/disease/01－水稻/images/0522%20水稻端大蓟马成虫腹面.jpg,"水稻端大蓟马　  
  学名: Megalurothrips distalis  (Karny)属缨翅目，蓟马科异名Taeniothrips distalis(Karny)；Taeniothrips sigricornis Schmutz。别名端带蓟马、花生蓟马、花生端带蓟马、豆蓟马、紫云英蓟马。分布在全国各地。  寄主  小麦、水稻、四季豆、豌豆、蚕豆、丝瓜、胡萝卜、白菜、油菜；花生、苜蓿、红花草、紫云英、苔子、猪屎豆、柽麻等。  
  为害特点: 成虫、若虫以挫吸式口器穿刺、挫伤植物叶片及花组织，吸食汁液。幼嫩心叶受害后，叶片变细长，皱缩不开，形成“免耳状”。受害轻的影响生长、开花和受精，重则植株生长停滞，矮小黄弱。花受害后，花朵不孕或不结实。 
  形态特征: 雌成虫体长1.6一1.76mm，体黑棕或黄棕色。触角8节，全暗棕色；第3、4节呈倒花瓶状，各节有长的叉状感觉锥；单眼间鬃长，靠近后单眼，位于3个单眼中心连线内缘。下颗须3节。前胸后角有2对长鬃。前翅暗棕色，基部和近端处色淡，上脉基中部有鬃18根，端鬃2根；下脉鬃15—18根。腹部第2至7节背板近前缘有1黑色横纹，第5至第8节两侧无微弯梳，第8节后缘仅两侧有梳。雄成虫显著比雌成虫体小而色淡，且触角也细。腹部腹板腺域不明显，但第2至8节除后缘鬃似矛形外，尚有附属矛形鬃，第2和第5节有40余根，第3至7节90余根。  
  生活习性: 江西、浙江、福建年生6—7代，紫云英上常发生3—4代，以成虫在紫云英、葱、蒜、萝卜等叶背或茎皮的裂缝中越冬。翌年，福建在3月下旬、浙江在4月上旬盛发，大量产卵繁殖，紫云英花期进入为害盛期，世代重叠，在生长期均可见到各虫态的虫体，成、若虫白天栖息在花器内和叶背面，行动迅速。常把卵产在花萼或花梗组织里，卵期7天，若虫在花器中为害1周左右，钻入表土0.5—1cm深处进行蜕皮，蜕皮时先变为预蛹，后再蜕皮化蛹，蛹经一周羽化为成虫。紫云英成熟时迁往猪屎豆、扁豆、证豆等植株上生活，10月下旬至11月开始越冬。3—4月干旱易大发生，高温多雨年份发生轻。  
  防治方法:  (1)掌握在稻田春耕灌水时，端带蓟马集中到紫云英留种田时，喷洒50％辛硫磷乳油或10％吡虫啉可湿性粉剂2500倍液、30％灭多威乳油2000倍液、40％七星保乳油600一800倍液或20％好年冬乳油800倍液。也可用21％灭杀毙乳油1500倍液或20％复方浏阳霉素乳油1000倍液。其他药剂参见稻管蓟马
  防治方法:。"
叶鞘网斑病,http://www.cgris.net/disease/01－水稻/images/0030%20水稻叶鞘网斑病症状.jpg,"水稻叶鞘网斑病　 
  症状: 南方稻区均有发生。主要为害叶鞘和叶片，叶鞘染病  水面上的叶鞘先发病，初现湿润状黑色小病斑，后逐渐扩展成2-3cm椭圆形或纺锤形病斑，其上布满褐色至黑褐色网纹，后期常危及剑叶的叶鞘，叶鞘变为黄绿色，叶鞘内常有灰白色颗粒状石灰质小菌核，一般不软腐。叶片染病  叶尖先黄化，后沿叶脉两侧向下扩展，病鞘内侧组织常有白色菌丝及石灰质颗粒状小菌核，表面生白霉，即病原菌菌丝和分生孢子，后病叶从叶尖向下逐渐褪黄。生产上这种症状常与二化螟低龄幼虫群集为害造成的变色叶鞘混淆，需注意区分。  
  病原: Cylindrocladium scoparium Morgan et Aoyaqi称柱枝双孢霉，属半知菌亚门真菌。病菌分生孢子梗无色，具2-3回叉状或轮状分枝小梗，其上着生分生孢子。分生孢子无色，圆筒形，有1个隔膜，大小49-76×3-5(μm)。病菌生长温限5-35℃，最适温度为25-35℃。除为害水稻外，还可为害大麦和荞麦。 
  传播途径和发病条件:  传播途径尚不清楚，初步观察该病在水稻分蘖盛期至拔节期前后盛发，排水不良及长期灌深水的田块发病重，6月发病最多，多雨低温日照少利其发生。品种间抗病性差异明显，糯稻较抗病。 
  防治方法:  (1)发病地区要注意选用抗病良种。(2)加强肥水管理，及时排水晒田，病草要及时处理好，防止该病传播蔓延。"
东格鲁病毒病,http://www.cgris.net/disease/01－水稻/images/0069%20水稻东格鲁病毒病病株.jpg,"水稻东格鲁病毒病　 
  症状: 主要发生在我国南方稻区。受害植株矮缩和叶片变色，生长衰退，叶片颜色为橙色至黄色。籼稻染病多为橙色或稍带红色，又叫红叶病。粳稻染病多呈黄色。嫩叶上现斑驳，老叶上现锈色斑点。东格鲁系菲律宾土语，表示衰退的意思。 
  病原:Rice tungro spherical virus简称RTSV，称东格鲁球状病毒，属玉米褪绿矮缩病毒组。病毒粒体为等径对称的我面体，大小30-35nm，含有单链核糖核酸，粒体外面无包膜。钝化温度60℃，体外存活期4℃条件下7天，冰冻条件存活长达1个月。此外Rice tungro bacilliform virus简称RTBV，称东格鲁杆状病毒，也是该病病原，常与RTSV混合感染。病毒粒子小杆状，大小150-350×35(nm)。属鸭跖黄黄斑驳病毒组。 
  传播途径和发病条件:  病毒由二小点叶蝉(Nephotettiximpictceps)、二点黑尾叶蝉、黑尾叶蝉等，以半持久方式传播，接触或汁液摩擦不能传播，二小点叶蝉最短获毒或接毒时间分别为30分钟和15分钟。接毒后经6-9天潜育即显症。该病在虫体内循回期不明显一，传毒时间为5-7天，7天后不再传毒。二小点叶蝉传毒率很高，其他叶蝉传毒率不高，有的不传毒，品种间抗病性有差异。 
  防治方法:  (1)选用抗病品种。(2)在发病重的地区，要注意防治二小点叶蝉等传毒介体，以减少其传毒机率。具体方法参见水稻黄萎病。"
稻金翅夜蛾,http://www.cgris.net/disease/01－水稻/images/0491%20水稻-稻金翅夜蛾成虫.jpg,"水稻稻金翅夜蛾　  
  学名: Chrysaspidia festucae (Linnaeus)鳞翅目，夜蛾科。别名金翅蛾、青虫、弓腰虫等。分布在全国各稻区。  害主  水稻、小麦、稗草、看麦娘、三棱草等。  
  为害特点: 幼虫食叶成缺刻，尤其是第一代幼虫在秧苗和分菜期为害严重，影响分蘖成穗。越冬代幼虫为害小麦也很严重。 
  形态特征: 成虫体长13—19mm，翅展32—37mm，头部红褐色，胸背棕红色，腹部浅黄褐色。前翅黄褐色，基部后缘区、端区具浅金色斑，内横线、外横线暗褐色，翅面中间具大银斑2个，缘毛紫灰色。后翅浅黄褐色，缘毛灰黄色。卵高0.45mm，宽0.6mm左右，馒头形，约具40条纵棱，初乳白色，后变黄绿色至暗灰色。末龄幼虫体长31—34mm，绿色或青绿色，背线青绿色，亚背线、侧线白色或黄白色，较细，气门线较宽、黄色，1、2对腹足退化。蛹长17—19mm，能看见成虫期斑纹，背面具花束，臀棘2根，两侧有l对鱼钩状小刺。 
  生活习性: 黑龙江、宁夏年生2—3代，江苏4—5代。以幼虫在麦株基部等处越冬。江苏越冬代成蛾于5月上旬一6月上旬盛发，第一代6月下旬一7月下旬，第二代7月下旬一8月上旬，第三代8月下旬一9月下旬，第四代9月下旬一10月中旬。宁夏盛蛾期则在6月上旬一7月下旬和8月下旬一9月上旬。宁夏7月，卵期约5天，幼虫期1个月，蛹期17天。江苏6—8月，卵期4.5—6天，幼虫期18—20天，蛹期6—8天，成虫历期6—10天。成虫有趋光性，喜在前半夜交配和产卵，把卵产在叶面、叶背或叶鞘上，常数粒至数十粒排在一起，稀疏。幼虫5—7龄，个别12龄。1—3龄幼虫吐丝下坠，借风扩散，5、6龄幼虫食量剧增，末龄幼虫化蛹在叶背面。夏季凉爽的年份发生重。天敌有金翅夜蛾绒茧蜂、黄毛脉寄蝇、麻雀、青蛙等。 
  防治方法:  (1)做好测报工作。于冬前和越冬后选择有代表性的早茬麦田5块，检查越冬幼虫数量，及时发出预报，防止该虫突发成灾。(2)冬前和早春及时镇压保墒，杀死部分幼虫，减少虫源。(3)为害严重地区可在幼虫盛发时喷洒50％敌敌畏乳油1500倍液或2.5％敌百虫粉，每667m22—2.5kg。"
田蚜虫,http://www.cgris.net/disease/01－水稻/images/0523%20水稻-蚜虫栖息在水稻叶片上.jpg,"水稻田蚜虫　 
  学名:Sitobion avenae (Fabricius)异名Macrosiphum avenae (Fabricius)麦长管蚜。属同翅目，蚜科。分布在全国各麦区及部分稻区。除麦长管蚜外，还有其它几种蚜虫。寄主 水稻、小麦等。
  为害特点: 成、若虫刺吸水稻茎叶、嫩穗，不仅影响生长发育，还分泌蜜露引起煤污病，影响光合作用和千粒重。减产20％一30％。
  形态特征:见麦长管蚜。
  生活习性:麦长管蚜在长江以南以无翅胎生成蚜和若蚜于麦株心叶或叶鞘内侧及早熟禾、看麦娘、狗尾草等杂草上越冬，无明显休眠现象，气温高时，仍见蚜虫在叶面上取食。浙江越冬蚜于3—4月，气温10℃以上时开始活动和取食及繁殖，在麦株下部或杂草丛中蛰伏的蚜虫迁至麦株上为害，大量繁殖无翅胎生蚜，到5月上旬虫口达到高峰，严重为害小麦和大麦，5月中旬后，小麦、大麦逐渐成熟，蚜虫开始迁至早稻田，早稻进入分蘖阶段，为害较大，并在水稻上繁殖无翅胎生蚜，进入梅雨季节后，虫量开始减少，大多产生有翅胎生蚜迁至河边、山边及稗草、马唐、英白、玉米、高粱上栖息或取食，此后出现高温干旱，则进入越夏阶段。9一10月天气转凉，杂草开始衰老，这时晚稻正处在旺盛生长阶段，最适麦长管蚜取食为害，因此晚稻常遭受严重为害，大发生时，有些田块，每穗蚜虫数可高达数百头。晚稻黄熟后，虫口下降，大多产生有翅胎生蚜，迁到麦田及杂草上取食或蛰伏越冬。
  防治方法: (1)注意清除田间、地边杂草，尤其夏秋两季除草，对减轻晚稻蚜虫为害具重要作用。 (2)加强稻田管理，使水稻及时抽穗、扬花、灌浆，提早成熟，可减轻蚜害。(3)晚稻有蚜株率达10％一15％，每株有蚜虫5头以上时，及时喷洒40％乐果乳油1000倍液或80％敌敌畏乳油1200倍液、2.5％保得乳油2500倍液、，65％蚜蜗虫威可湿性粉剂600倍液、10％吡虫啉可湿性粉剂2000倍液。"
叶黑肿病,http://www.cgris.net/disease/01－水稻/images/0031%20水稻叶黑肿病.jpg,"水稻叶黑肿病　 
  症状: 又称水稻叶黑粉病。世界广布，我国中部、南部稻区普遍发生，北方稻区较少。过去为害较轻，近年局部地区的杂交稻发生普遍且严重。稻叶染病  叶两面均可发病，病斑初为散生或群生的小褐色斑点，沿叶脉呈断续的线状，后稍隆起且变成黑色，其内充满冬孢子堆，隆起病斑四周变为黄色，重病叶病斑满布，叶片提早枯黄，叶尖破裂成丝状。 
  病原: Entyloma oryzaeSyd.称稻叶黑粉菌，属担子菌亚门真菌。病菌冬孢子堆黑色长方形，散生，有的椭圆形或近圆形，埋生在寄主表皮下，大小0.5-4×0.5-1.4(mm)。冬孢子近圆形至多角形，壁厚，暗褐色，大小7.5-12.5×7.5-10(μm)，萌发时生出短棍棒状无色的先菌丝，顶生淡橄榄色棒状至纺锤形担孢子3-8个，担孢子再生次生小孢子，呈叉状排列，冬孢子萌发温限21-34℃，适温28-3℃。  
  传播途径和发病条件:  病菌以冬孢子在病残体或病草上越冬。翌年夏季萌发，产生担孢子和次生担孢子，借风雨传播侵入叶片。土壤瘠薄的缺肥田，尤其是缺磷、缺钾田块发病重。田边、路旁或营养不良的植株基部叶片易发病，早熟品种较晚熟品种发病重，杂交稻进入分蘖盛期即开始发病，个别地块发生很重。 
  防治方法:  (1)重病区提倡选用抗病品种。(2)病稻草要及早作堆肥处理，待充分腐熟后再施入田间，采用配方施肥技术，合理施肥，防止后期早衰。"
黄萎病,http://www.cgris.net/disease/01－水稻/images/0070%20水稻黄萎病病株.jpg,"水稻黄萎病　 
  症状: 病株叶色均匀褪绿成为浅黄色，叶片变薄，质地也较柔软，植株分蘖猛增，呈矮缩丛生状，根系发育不良。苗期染病的植株矮缩不能抽穗；后期染病的发病轻，主要表现为分蘖增多，簇生，个别病株出现高节位分枝，叶片似竹叶状。 病原Mycoplasma-like organism称简MOL，称类菌原体。电镜观察病叶超薄切片可见到筛管细胞中有椭圆形或卵圆形类菌原体，大小80-80nm，无细胞壁，只见单位膜有3层，两层为蛋白质膜，中间为类脂膜。通过寄主细胞壁时其形状可变为不定形，大小也不固定。主要靠黑尾叶蝉(Nephotettix cincticeps)、二点黑尾叶蝉(N.virescens)、二条黑尾叶蝉(N.nigropictus)等4种叶蝉传毒。病原物在虫体内循回期因气温而不同，黑尾叶蝉体内循期，当均温32℃时平均循回期为19天，气温15℃经102天不传毒，17℃经68天仅个别虫传毒，20℃循回期为53.3天，25℃为24.6天，28℃为22.2天，30℃为21.3天，33-35℃为17-25天。均温30℃黑尾叶蝉低龄若虫获毒最短时间为10分钟，12小时几乎均可获毒，气温低于5℃则不能获毒。10℃获毒虫率为0-7%，15℃为0-27%，20℃为21-64%，25℃为50-73%。黑尾叶蝉取食上部叶片传毒率高达67%，中部叶片为55%，下部叶片为34%，该虫能终身带毒，传毒率高达89.3%，病毒不经卵传给下一代。叶蝉有偏嗜黄萎病株习性。  
  传播途径和发病条件:  病原主要在黑尾叶蝉体内和几种野生杂草上越冬，成为翌年初侵染源。长江中下游稻区早稻染病后于7月中蟾后显症。7月后卵阶级的叶蝉从早稻田病株上获毒，迁飞到双季晚稻上传毒，引致晚稻发病。越冬代若虫从晚稻病株上获取毒原后越冬。叶蝉个体亲和力取决于叶蝉获取类菌原体的迟早及冬季气温高低，若叶蝉冬前获毒早，冬季气温越高，则越冬后具侵染性个体愈多。由于叶蝉从取食病原体到传病这段循回期长达27-90天，因此发病缓慢。生产上生长后期染病的，减产较少。但染病稻在茬长出的再生稻苗或再生稻仍可发病，成为侵染源。 
  防治方法:  南方应把防治重点集中在晚稻生长早期预防上。(1)首选抗病品种、抗虫品种。如福建的赤块矮选，湖南的湘抗32、余赤231-8，台湾的台北131、台北130、农林49。对黑尾叶蝉具抗性的外引品种有IR28、Cam Pai30-12-15、Pank hari 203等。(2)治虫防病。注意结合传毒介体昆虫4种叶蝉生活史预测调整播种和插秧时间，把易染病的苗期与叶蝉活动高峰期调整开。(3)必要时可在育秧期、返青分蘖期喷洒杀虫剂，用药种类参见黑尾叶蝉。(4)其他方法参见水稻黄委病。"
稻巢螟,http://www.cgris.net/disease/01－水稻/images/0492%20水稻-稻巢螟成虫和幼虫.jpg,"水稻稻巢螟　  
  学名: Ancyllomia japonica zeller属鳞翅目，螟蛾科。别名稻巢草螟、日本稻巢螟、稻筒巢螟。广布亚洲各稻区。寄主  水稻。  
  为害特点: 幼虫先在叶片中、上部吐丝缀连叶屑及粪粒成筒状巢，幼虫在巢内取食叶肉，受害处现枯白斑。后携巢移至稻丛基部，咬断四周叶片或嫩茎拖入巢内，食后剩余推出巢外，致稻株出现枯黄茎叶，分蘖和抽穗明显减少。
  形态特征: 成虫体长11—14mm，翅展25—35mm，灰黄白色。雌蛾色略浅，下唇须平伸，浅褐色，长度等于复眼直径2倍。触角细锯齿状，褐色。前翅灰黄褐色，外缘具银灰褐色波状横向纹，翅面具不明显的灰褐色短纵纹5—6条，纹上生有分散小黑点，沿中室下侧的1条呈浅黄色。后翅白色至褐色。雄蛾触角彬齿扁阔，各相片一侧生锯齿。卵长1mm左右，栗形，浅褐色，表面具纵隆纹。末龄幼虫体长16—26mm，灰黄白色。头、前胸背板黑褐色，胸、腹部背面具棕色纵线5条。每节各生1对短刺。蛹长12mm左右，黄褐色。  
  生活习性: 中国南方年生3代，以末龄幼虫在稻桩或杂草丛中筒巢里越冬。翌年4月下旬一6月上中旬成虫发生，一代在6月下旬一8月上中旬，二代在8月下旬一10月中下旬发生。成虫白天潜伏在稻丛或杂草中，夜间飞出活动，配后把卵产在稻株根际或茎叶上，数十粒聚在一起，上覆疏绒毛。成虫产卵历期1—9天：每雌产卵100一700多粒。 
  防治方法:防治直纹稻弄蝶时可兼治此虫。"
稻田粘虫,http://www.cgris.net/disease/01－水稻/images/0524%20水稻-粘虫黑色型幼虫及为害水稻状.jpg,"水稻稻田粘虫　 学名、寄主、形态特征、
  生活习性:参见麦类害虫一粘虫。 
  为害特点:粘虫在稻田一般于6—7月为害水稻。  
  防治方法: (1)当水稻田每m2 有虫15头时，于幼虫3龄前喷洒90％晶体敌百虫或50％杀螟松乳油或50％辛硫磷乳油1000倍液、25％杀虫脒或25％杀虫双500倍液、20％速杀菊酯或2.5％敌杀死乳油4000—5000倍液。(2)也可用2.5％敌百虫粉或5％马拉松粉或2.5％辛硫磷或0.04％除虫精粉或0.06％氰戊菊酯粉喷粉，每667m2喷施2kg。(3)还可用2.5％敌百虫粉或2.5％辛硫磷粉剂或4.5％甲敌粉撤施。每667m2用药2kg，拌入细沙或细土15—20kg，制成颗粒剂撒施，效果也很好。"
菌核秆腐病,http://www.cgris.net/disease/01－水稻/images/0033%20水稻菌核秆腐病小黑菌核病.jpg,"水稻菌核秆腐病 
  症状: 水稻菌核秆腐病  主要是稻小球菌核病和小黑菌核病。两病单独或混合发生，又称小粒菌核病或秆腐病，它们和稻褐色菌核病、稻球状菌核病、稻灰色菌核病等，总称为水稻菌核病或秆腐病。我国各稻区均有发生，但各地优势菌不同，长江流域以南主要是小球菌核病和小黑菌核病。 小球菌核病和小黑菌核病症状相似，侵害稻株下部叶鞘和茎秆，初在近水面叶鞘生上褐色小斑，后扩展为黑色纵向坏死线及黑色大斑，上生稀薄浅灰色霉层，病鞘内常有菌丝块。小黑菌核病不形成菌丝块，黑线也较浅。病斑继续扩展使茎基成段变黑软腐，病部呈灰白色或红褐色而腐配。剥检茎秆，腔内充满灰白色菌丝和黑褐色小菌核。侵染穗颈，引起穗枯。 褐色菌核病  在叶鞘变黄枯死，不形成明显病斑，孕穗时发病致幼穗不能抽出。后期在叶鞘组织内形成球形黑色小菌核。 灰色菌核病  叶鞘受害形成淡红褐色小斑在剑叶鞘上形成长斑，一般不致水稻倒伏，后期在病斑表面和内部形成灰褐色小粒状菌核。 
  病原: 小黑菌核病菌Helminthosporiu sigmoideum var. irregulareCrall. et Tull. (Nakateae irregulare Hara)称稻卷芒双曲孢霉，属半知菌亚门真菌，是小球菌核病菌的变种，有性态尚未发现。分生孢子梗在病组织或浮于水面菌核上形成，单生或数枝簇生，分生孢子纺缍形，弯或呈“S”形，具隔膜3-4个，大小50-74×8-12(μm)，顶细胞上生卷须状长丝。菌核大小约0.15mm，深橄榄色。 小球菌核病菌H.sigmoideumCav.=N.sigmoidea (Cavara) Hara，有性态Magnaporthe salvinii Catt. Krause et Webster。称稻小球腔菌，属子囊菌亚门真菌。我国尚未发现。分生孢子梗深褐色，不分枝，上生新月形分生孢子，大小41-63×11-15(μm)，有隔膜0-4个，多3隔，中央两细胞暗褐色，两端细胞色淡。菌核球形，大小约0.25mm，菌核有内外两层，外层色黑，内层色谈褐。 褐色菌核病菌Sclerotium oryzae-sativae Saw.称稻小核菌，属半知菌亚门真菌。菌核数量较少，球形，卵圆或圆柱形，深褐色，大小0.3-2mm，表面粗糙，无内外层之别。 球状菌核病菌Sclerotium hydrophilumSacc.称喜水小核菌，属半知菌亚门真菌。菌核球形，褐至黑色，大小0.25-0.68mm，分内外两层，生于叶鞘组强催，但较少。黑粒菌核病菌Helicocerasoryzae Linder et Tullis称稻卷角霉，属半知菌亚门真菌。菌核鼠粪状，黑色，大小0.14-0.24×0.06-0.14(mm)，生于叶鞘组织内。灰色菌核病菌Sclerotiumfumigatum Nak. ex Hara.称灰色小核菌，属半知菌亚门真菌。苏核球形至椭圆形，灰色或灰褐色，大小0.3-1.5mm，生于叶鞘表面。赤色菌核病菌Rhizoctoniaoryzae Ryk. et Gooch称稻枯斑丝核菌，属半知菌亚门真菌。菌核极少，淡红色，短柱或扁平，大小0.4-1.0mm，生于叶鞘组强催或叶鞘间。褐色小粒菌核病菌Sclerotiumorizicola Nakata et kawam称稻生小核菌，属半知菌亚门真菌。菌核球形或不规则形，深红褐色，大小0.07-0.10mm，生于叶鞘组织内。
  传播途径和发病条件:  发病较重的主要是小球菌核病和小黑菌核病，主要以菌核在稻桩和稻草或散落于土壤中越冬，可存活多年。当整地灌水时菌核浮于水在，粘附于秧田或叶鞘基部，遇适宜条件(17℃)菌核萌发后产生菌丝侵入叶鞘，后在茎秆及叶鞘内形成菌核。有时病斑表面生浅灰霉层，即病菌分生孢子，分生孢子通过气流或昆虫传播，也可引起再侵染。但主要以病健株接触短距离再侵染为主。菌核数量是次年发病的主要因素。 病菌发育温限11-35℃，适温为25-30℃。雨日多，日照少利于菌核病发生。深灌、排水不好田块发病重，中期烤田过度或后期脱水早或过旱发病重。施氮过多、过迟，水稻贪青病重。单季晚稻较早稻病重。高秆较矮秆抗病，抗病性糯稻大于籼稻大于粳稻。抽穗后易发病，虫害重伤口多发病重。
  防治方法:  (1)种植抗病品种  因地制宜地选用早广2号、汕优4号、IR24、粳稻184、闽晚6号、倒科春、冀粳14号、丹红、桂潮2号、广二104、双菲、珍汕97、珍龙13、红梅早、农虎6号、农红73、生陆矮8号、粳稻秀水系统、糯稻祥湖系统、早稻加籼系统等。(2)减少菌源。病稻草要高温沤制，收割时要齐泥割稻。有条件的实行水旱轮作。插秧前打涝菌核。(3)加强水肥管理，浅水勤灌，适时晒田，后期灌跑马水，防止断水过早。多施有机肥，增施磷钾肥，特别是钾肥，忌偏施氮肥。(4)药剂防治。在水稻拔节期和孕穗期喷洒40%克瘟散(敌瘟灵)或40%富士一号乳油1000倍液、5%井冈霉素水剂1000倍液、70%甲基硫菌灵(甲基托布津)可湿性粉剂1000倍液、50%多菌灵可湿性粉剂800倍液、50%速克灵(腐霉剂)可湿性粉剂1500倍液、50%乙烯菌核利(农利灵)可湿性粉剂1000-1500倍液、50%异菌脲(扑海因)或40%菌核净可湿性粉剂1000倍液、20%甲基立枯磷乳油1200倍液。"
赤枯病,http://www.cgris.net/disease/01－水稻/images/0074%20水稻赤枯病病叶.jpg,"水稻赤枯病　 
  症状: 又称铁锈病，俗称熬苗、坐裸。有下面三种在型：(1)缺外型赤枯  在分蘖前始现，分蘖末发病明显，病株矮小，生长缓慢，分蘖减少，叶片狭长而软弱披垂，下部叶自叶尖沿叶缘向基部扩展变为黄褐色，并产生赤褐色或暗褐色斑点或条斑。严重时自叶尖向下赤褐色枯死，整株仅有少数新叶为绿色，似火烧状。根系黄褐色，根短而少。(2)缺磷型赤枯 多发生于栽秧后3-4周，能自行恢复，孕穗期又复发。初在下部叶叶尖有褐色小斑，渐向内黄褐干枯，中肋黄化。根系黄褐，混有黑根、烂根。(3)中毒型赤枯  移栽后返青迟缓，株型矮小，分蘖很少。根系变黑或深褐色，新根极少，节上生迈出生根。叶片中肋初黄白化，接着周边黄化，重者叶鞘也黄化，出现赤褐色斑点，叶片自下而上呈赤褐色枯死，严重时整株死亡。  病因  缺钾型和缺磷型是生理性的。稻株缺钾，分蘖盛期表现严重，当钾氮比(K#O/N)降到0.5以下时，叶片出现赤褐色斑点。多发生于土层浅的沙土、红黄壤及漏水田，分蘖时气温低时也影响钾素吸收，造成缺钾型赤枯。缺磷型赤枯  生产上红黄壤冷水田，一般缺磷，低温时间长，影响根系吸收，发病严重。中毒型赤枯主要发生在长期浸水，泥层厚，土壤通透性差的水田，如绿肥过量，施用未腐熟有机肥，插秧期气温低，有机质分解慢，以后气温升高，土壤中缺氧，有机质分解产生大量硫化氢、有机酸、二氧化碳、沼气等有毒物质，使苗根扎不稳，随着泥土沉实，稻苗发根分蘖困难，加剧中毒程度。 
  防治方法:  (1)改良土壤，加深耕作层，增施有机肥，提高土壤肥力，改善土壤团粒结构。(2)宜早施钾肥，如氯化钾、硫酸钾、草木灰、钾钙肥等。缺磷土壤，应早施、集中施过磷酸钙每667m2施30kg或喷施0.3%磷酸二氢钾水溶液。忌追肥单施氮肥，否则加重发病。(3)改造低洼浸水田，做好排水沟。绿肥做基肥，不宜过量，耕翻不能过迟。施用有机肥一定要腐熟，均匀施用。(4)早稻要浅灌勤灌，及时耘田，增加土壤通透性。(5)发病稻田要立即排水，酌施石灰，轻度搁田，促进浮泥沉实，以利新根早发。(6)于水稻孕穗期至灌浆期叶面喷施多功能高效液肥万家宝500-600倍液，隔15天1次。"
直纹稻弄蝶,http://www.cgris.net/disease/01－水稻/images/0493%20水稻-直纹稻弄蝶幼虫.jpg,"水稻直纹稻弄蝶　  
  学名: Parnara guttata Bremer et Grey属鳞翅目，弄蝶科。别名稻弄蝶、一字纹稻弄蝶、稻苞虫。除新疆、宁夏未见报道外，广布全国各水稻种植区；  寄主  水稻、茭白、玉米、高粱、大麦、谷子、竹子、芦苇、白蜡、稗、狗尾草等。  
  为害特点: 幼虫孵化后，爬至叶片边缘或叶尖处吐丝缀合叶片，做成圆筒状纵卷虫苞，潜伏在其中为害。 
  形态特征: 成虫体长17—19mm，翅展28—40mm，体和翅黑褐色，头胸部比腹部宽，略带绿色。前翅具7—8个半透明白斑排成半环状，下边一个大。后翅中间具4个白色透明斑，呈直线或近直线排列。翅反面色浅，斑纹与正面相同。卵褐色，半球形，直径0.9mm，初灰绿色，后具玫瑰红斑，顶花冠具8—12瓣。末龄幼虫体长27—28mm，头浅棕黄色，头部正面中央有“山”形褐纹，体黄绿色，背线深绿色，臀板褐色。蛹淡黄色，长22—25mm，近圆筒形，头平尾尖。 
  生活习性: 长城以北年生2代，长城以南黄河以北年生3代，黄河以南长江以北4—5代，长江以南南岭以北5—6代，南岭以南6—8代。同一地区，海拔高度不同，发生代数也不同。南方以中、小幼虫在背风的田埂、渠边、沟边、茭白、小竹丛等禾本科植物上结苞越冬，气温高于12℃能取食，第一代主要发生在茭白上，以后各代主要在水稻上。各虫态发育起点温度，卵12.6℃、幼虫9.3℃、蛹14.9℃。气温15—16℃，卵期15一16天，21一26℃5天。幼虫期26—28℃，18—20天，低于24℃、高于30℃21天越冬幼虫期长达180天。蛹期7—16天，成虫寿命2—19天。成虫昼伏夜出，清晨羽化，卵散产，初孵幼虫先咬食卵壳，爬至叶尖或叶缘，吐丝缀叶结苞取食，清晨或傍晚爬至苞外，田水落干时，幼虫向植株下部老叶转移，灌水后又上移，末龄幼虫多缀叶结苞化蛹。冬春气温低或前一个月雨量大、雨日多易流行。
  防治方法:  (1)利用幼虫结苞不活泼的特点，进行人工采苞灭幼虫。(2)保护利用寄生蜂、蓝蝽等天敌昆虫。(3)必要时喷洒50％辛硫磷乳油1500倍液或25％爱卡士乳油1500倍  液、2.5％敌杀死乳油2000倍液、10％吡虫啉可湿性粉剂1500倍液、35顺丰2号乳油1000倍液，667m2喷对好的药液70L，隔10天左右1次，防治1次或2次。"
中华稻蝗,http://www.cgris.net/disease/01－水稻/images/0525%20水稻-中华稻蝗（左）和芋蝗.jpg,"水稻中华稻蝗　  学名Oxya chinensis (Thunberg)属直翅目，蝗科。分布在中国南、北方各稻区。  害主  水稻、茭白及其他禾本科植物，豆科、旋花科、锦葵科、茄科等多种植物。  
  为害特点: 成、若虫食叶成缺刻，严重时全叶被吃光，仅残留叶脉。 形态特征成虫雄体长15—33mm，雌虫19—40mm，黄绿、褐绿、绿色，前翅前缘绿色，余淡褐色，头宽大，卵圆形，头顶向前伸，颜面隆起宽，两侧缘近平行，具纵沟。复眼卵圆形，触角丝状，前胸背板后横沟位于中部之后，前胸腹板突圆锥形，略向后倾斜，翅长超过后足腿节末端。雄虫尾端近圆锥形，肛上板短三角形，平滑无侧沟，顶端呈锐角。雌虫腹部第2—3节背板侧面的后下角呈刺状，有的第3节不明显。产卵瓣长，上下瓣大，外缘具细齿。卵长约3.5mm，宽1mm，长圆筒形，中间略弯，深黄色，胶质卵囊褐色，包在卵外面，囊内含卵10—100粒，多为30粒左右，斜列2纵行。若虫5—6龄，少数7龄。1龄灰绿色，头大高举，无翅芽，触角13节；2龄绿色，头胸侧的黑褐色纵纹开始显现，触角14一17节；3龄浅绿色，头胸两侧黑褐色纵纹明显，沿背中线淡色中带明显，触角18—19节，微露翅芽；4龄翅芽呈三角形，长未达腹部第一节，触角20一22节；末龄翅芽超过腹部第3节，触角23—29节。
  生活习性: 浙江、湖南以北年生1代，以南2代，各地均以卵块在田埂、荒滩、堤坝等土中1.5—4cm深处或杂草根际、稻茬株间越冬。广州3月下旬一4月上旬越冬卵孵化，南昌5月上中旬，湖北汉川5月中下旬，北京6月上旬，吉林省公主岭7月上中旬；广州6月上中旬羽化，南昌7月上中旬，汉川7月中下旬，北京8月上中旬，公主岭为8月中下旬羽化。二代区二代成虫多在9月羽化，各地大体相同。成虫寿命59—113天，产卵前期25—65天，一代区卵期6个月，二代区第一代3—5个月，第二代近1个月，若虫期42—55天，长者80天。喜在早晨羽化，羽化后15—45天开始交配，一生可交配多次，夜晚闷热时有扑灯习性。卵成块产在土下，田埂上居多，每雌产卵1—3块。初孵若虫先取食杂草，3龄后扩散为害英白、水稻或豆类等。天敌有晴蜒、螳螂、青蛙、蜘蛛、鸟类。  
  防治方法:  (1)稻蝗喜在田埂、地头、渠旁产卵。发生重的地区组织人力铲埂、翻埂杀灭蝗卵，具明显效果。(2)保护青蛙、蟾除，可有效抑制该虫发生。(3)抓住3龄前稻蝗群集在田埂、地边、渠旁取食杂草嫩叶特点，突击防治，当进入3—4龄后常转入大田，当百株有虫10头以上时，应及时喷洒50％辛硫磷乳油或50％马拉硫磷乳油或20％氰戊菊酯乳油、2.5％功夫菊酯乳油2000—3000倍液、40％乐果乳油1000倍液、2.5％氯氰灵乳油1000—2000倍液。均可取得较好防治效果。(4)大面积发生时应使用飞机防治。"
纹枯病,http://www.cgris.net/disease/01－水稻/images/0038%20水稻纹枯病穗茎部症状.jpg,"水稻纹枯病　 
  症状: 又称云纹病。苗期至穗期都可发病。叶鞘染病  在近水面处产生暗绿色水浸状边缘模糊小斑，后渐扩大呈椭圆形或云纹形，中部呈灰绿或灰褐色，湿度低时中部呈淡黄或灰白色，中部组织破坏呈半透明状，边缘暗褐。发病严重时数个病斑融合形成大病斑，呈不规则状云纹斑，常致叶片发黄枯死。叶片染病  病斑也呈云纹状，边缘褪黄，发病快时病斑呈污绿色，叶片很快腐烂，茎秆受害  症状似叶片，后期呈黄褐色，易折。穗颈部受害  初为污绿色，后变灰褐，常不能抽穗，抽穗的秕谷较多，千粒重下降。湿度大时，病部长出白色网状菌丝，后汇聚成白色菌丝团，形成菌核，菌核深褐色，易脱落。高温条件下病斑上产生一层白色粉霉层即病菌的担子和担孢子。
  病原: Thanatephorus cucumeris (Frank)Donk.称瓜亡革菌，属担子菌亚门真菌。无性态Rhizoctonia solani Kühn称立枯丝核菌，属半知菌亚门真菌。致病的主要菌丝融合群是AG-1占95%以上，其次是AG-4和AG-Bb(双核线核菌)。从菌丝生长速度和菌核开始产生扎需时间来看，R.solani AG-1和AG-4较快，而双核丝核菌AG-Bb较慢。在PDA上23℃条件下AG-1形成菌核需时3天。菌核深褐色圆形或不规则形，较紧密。菌落色泽浅褐至深褐色；AG-4菌落浅灰褐色，菌核形成需3-4天，褐色，不规则形，较扁平，疏松，相互聚集；AG-Bb菌落灰褐色，菌核形成需3-4天，灰褐色，圆形或近圆形，大小较一致，一般生于气生菌丝丛中。
  传播途径和发病条件:病菌主要以菌核在土壤中越冬，也能以菌丝体在病残体上或在田间杂草等其它寄主上越冬。翌春春灌时菌核飘浮于水面与其它杂物混在一起，插秧后菌核粘附于稻株近水面的叶鞘上，条件适宜生出菌丝侵入叶鞘组织为害，气生菌丝又侵染邻近植株。水稻拔节期病情开始激增，病害向横向、纵向扩展，抽穗前以叶鞘为害为主，抽穗后向叶片、穗颈部扩展。早期落入水中菌核也可引发稻株再侵染。早稻菌核是晚稻纹枯病的主要侵染源。菌核数量是引起发病的主要原因。每667m2有6万粒以上菌核，遇适宜条件就可引发纹枯病流行。高温高湿是发病的另一主要因素。气温18-34℃都可发生，以22-28℃最适。发病相对湿度70%-96%，90%以上最适。菌丝生长温限10-38℃，菌核在12-40℃都能形成，菌核形成最适温度28-32℃。相对湿度95%以上时，菌核就可萌发形成菌丝。6-10天后又可形成新的菌核。日光能抑制菌丝生长促进菌核的形成。水稻纹枯病适宜在高温、高湿条件下发生和流行。生长前期雨日多、湿度大、气温偏低，病情扩展缓慢，中后期湿度大、气温高，病情迅速扩展，后期高温干燥抑制了病情。气温20℃以让，相对湿度大于90%，纹枯病开始发生，气温在28-32℃，遇连续降雨，病害发展迅速。气温降至20℃以下，田间相对湿度小于85%，发病迟缓或停止发病。长期深灌，偏施、迟施氮肥，水稻郁闭，徒长促进纹枯病发生和蔓延。 
  防治方法:  (1)选用抗病品种，水稻对纹枯病的抗性是水稻和病原菌相互作用的一系列复杂的物理、化学反应的结果，水稻植株具蜡质层、硅化细胞是抵抗和延缓病原菌侵入的一种机械障碍，是衡量品种抗病性指标，也是鉴别品种抗病性的一种快速手段。水稻对纹枯病抗性高的资源较少，目前生产上早稻耐病品种有博优湛19号、中优早81号。中熟品种有豫粳6号、辐龙香糯。晚稻耐病品种有冀粳14号、花粳45号、辽粳244号、沈农43号等。(2)打涝菌核，减少菌源。要每季大面积打涝并带出田外深埋。(3)加强栽培管理，施足基肥，追肥早施，不可偏施氮肥，增施磷钾肥，采用配方施肥技术，使水稻前期不披叶，中期不徒长，后期不贪青。灌水做到分蘖浅水、够苗露田、晒田促根、肥田重晒、瘦田轻晒、长穗湿润、不早断水、防止早衰，要掌握“前浅、中晒、后湿润”的原则。(4)药剂防治。抓住防治适期，分蘖后期病穴率达15%即施药防治。首选广灭灵水剂500-1000倍液或5%井冈霉素100ml对水50L喷雾或对水400L泼浇。或每667m2用20%粉锈宁乳油50-76ml、50%甲基硫菌灵或50%多菌灵可湿性粉剂100g、30%纹枯利可湿性粉剂50-75g、50%甲基立枯灵(利克菌)或33%纹霉净可湿性粉剂200g，每667m2用药液50L。也可用20%稻脚青(甲基砷酸锌)或10%稻宁(甲基砷酸钙)可湿性粉剂100g加水100L喷施，或加水400-500L泼施，或拌细土25kg撒施。还可用5%田安(甲基砷酸铁胺)水剂200g加水100L喷雾或对水400L浇泼，或用500g拌细土20kg撒施，注意用药量和在孕穗前使用，防止产生药害。发病较重时可选用20%担菌灵乳剂每667m2用药125-150mL或用75%担菌灵可湿性粉剂75g与异稻瘟净混用有增效作用，并可兼治稻瘟病。还可用10%灭锈胺乳剂每667m2250ml或25%禾穗宁可湿性粉剂每667m2用药50-70g，对水75L喷雾，效果好药效长。也可选用77%护丰安(氢氧化铜)可湿性粉剂700倍液或绿邦98水稻专用型600倍液或25%粉锈宁可湿性粉剂100g，对水75L分别在孕穗始期、孕穗末期各防1次，对病穴率、病株率及功能叶鞘病斑严重度，防效都很显著，有效地保护功能叶片。也可选用25%敌力脱乳油2000倍液于水稻孕穗期一次用药能有效地防治水稻纹枯病、叶鞘腐败病、稻曲病及稻粒黑粉病。能兼治水稻中后期多种病害。此外，提倡施用多得稀土纯营养剂。"
干尖线虫病,http://www.cgris.net/disease/01－水稻/images/0072%20水稻干尖线虫病叶片出现白尖.jpg,"水稻干尖线虫病　 
  症状:又称白尖病、线虫枯死病。分布在国内各稻区。苗期症状不明显，偶在4-5片真叶时出现叶尖灰白色干枯，扭曲干尖。病株孕穗后干尖更严重，剑叶或其下2-3叶尖端1-8cm渐枯黄，半透明，扭曲干尖，变为灰白或淡褐色，病健部界限明显。湿度大有雾露存在时，干尖叶片展平呈半透明水渍状，随风飘动，露干后又复卷曲。有的病株不显症，但稻穗带有线虫，大多数植株能正常抽穗，但植株矮小，病穗较小，秕粒多，多不孕，穗直立。 
  病原:Aphelenchoides besseyi Christie称贝西滑刃线虫(稻干尖线虫)，属线形动物门。雌虫蠕虫形，直线或稍弯，体长500-800μm，尾部自阴门后变细，阴门角皮不突出。雄虫上部直线形，体长458-600μm死后尾部呈直角弯曲成必状。尾侧有3个乳状突起，交接刺新月形，刺状，无交合伞。线虫活跃时宛如蛇行水中，停止时常扭结或卷曲成盘状。 
  传播途径和发病条件:以成虫、幼虫在谷粒颖壳中越冬，干燥条件可存活3年，浸水条件能存活30天。浸种时，种子内线虫复苏，游离于水中，遇幼芽从芽鞘缝钻入，附于生长点、叶芽及新生嫩叶尖端的细胞外，以吻针刺入细胞吸食汁液，致被害叶形成干尖。线虫在稻株体内生长发育并交配繁殖，随稻株生长，侵入穗原基。孕穗期集中在幼穗颖壳内外，造成穗粒带虫。线虫在稻株内约繁殖1-2代。秧田期和本田初期靠灌溉水传播，扩大为害。土壤不能传病。随稻种调运进行远距离传播。 
  防治方法:  (1)选用无病种子，加强检疫，严格禁止从病区调运种子。(2)种子进行温汤浸种，先将稻种预浸于冷水中24小时，然后放在45-47℃温水中5分钟提温，再放入52-54℃温水中浸10分钟，取出立即冷却，催芽中，防效90%。或用0.5%盐酸溶液浸种72小时，浸种后用清水冲洗5次种子。或40%杀线酯(醋酸乙酯)乳油500倍液，浸种50kg种子，浸泡24小时，再用清水冲洗。或用15g线菌清加水8kg，浸6kg种子，浸种60小时，然后用清水冲洗再催芽中。或用80%敌敌畏乳油0.5kg加水500k，浸种48小时，浸后冲洗催芽。用温汤或药剂浸种时，发芽势有降低的趋势，如直播易引致烂种或烂秧，故需催好芽。"
稻瘿蚊,http://www.cgris.net/disease/01－水稻/images/0495%20水稻-稻瘿蚊为害水稻的三种类型.jpg,"水稻稻瘿蚊　  
  学名: Orseoia oryzae (Wood—Mason)双翅目，瘿蚊科。别名稻瘿蝇。分布在广东、广西、福建、云南、贵州、海南、江西、湖南、台湾。据江西广昌县观察，该虫从石城县进入广昌县以后，每年仍以10一20km的速度向北蔓延。  寄主  水稻、李氏禾等。  
  为害特点: 幼虫吸食水稻生长点汁液，致受害稻苗基部膨大，随后心叶停止生长且由叶鞘部伸长形成淡绿色中空的葱管，葱管向外伸形成“标葱”。水稻从秧苗到幼穗形成期均可受害，受害重的不能抽穗，几乎都形成“标葱”或扭曲不能结实。 
  形态特征: 成虫体长3.5—4.8mm，形状似蚊，浅红色，触角15节，黄色，第1、2节球形，第3一14节的形状雌、雄有别：雌虫近圆筒形，中央略凹；雄蚊似葫芦状，中间收缩，好象2节。中胸小盾板发达，腹部纺锤形隆起似驼峰。前翅透明具4条翅脉。卵长0.5mm左右，长椭圆形，初白色，后变橙红色或紫红色。幼虫末龄幼虫体长4—4.5mm，纺锤形；蛆状。幼虫共3龄，1龄蛆形，长约0.78mm；2龄纺锤形长约1.3mm；3龄体形与2龄虫相似，体长约3.3mm。蛹椭圆形，浅红色至红褐色，长3.5—4.5mm。 
  生活习性: 广东连山年生6—7代，广东从化、广西、江西、云南、福建7—8代，广东佛山、中山8—9代，海南12—13代。以幼虫在田边、沟边等处的游草、再生稻、李氏禾等杂草上越冬。年生7—8代地区，越冬代成虫于3月下旬-4月上旬出现，羽化后成虫飞到附近的早稻上为害，该虫从第二代起世代重叠，很难分清代数，但各代成虫盛发期较明显。一般1、2代数量少，3代后数量增加，7—10月，中稻、单季晚稻、双季晚稻的秧田和本田很易遭到严重为害。成虫羽化的当晚即交配，雄虫多次交配，雌虫仅1次，卵散产在近水面嫩叶上，每雌产卵100一150粒，雌虫有趋光性，因此诱虫灯上出现的高峰日就意味着田间产卵高峰日。初孵化幼虫借叶上湿润的露水下移，从叶鞘间隙或叶舌边缘侵入，开始为害生长点，生长点受害后心叶停止生长，叶鞘伸长成管状，即“标葱”出现，这时管里幼虫已化蛹。羽化前蛹体头部向上，蛹上升到葱管顶端，用额刺破顶而出，在出口处留有白色的蛹壳。该虫喜潮湿不耐干旱，气温25—29℃，相对湿度高于80％，多雨利其发生。生产上栽培制度复杂，单、双季稻混栽区，稻瘿蚊发生严重。天敌有蜘蛛、螨类、蚂蚁、步行甲、青蛙、黄柄黑蜂等。 
  防治方法:  防治稻瘦蚊的策略是“抓秧田，保本田，控为害，把三关，重点防住主害代”。(1)选用抗虫品种  如抗蚊1号、抗蚊2号、汕优999、水辐17等。(2)春天及时铲除稻田游草及落谷再生稻，减少越冬虫源。把单、双季稻混栽区因地制宜改为纯双季稻区，调整播种期和栽插期，避开成虫产卵高峰期。(3)注意防止秧苗带虫，必要时用90％晶体敌百虫800倍液或40％乐果乳油800倍液浸秧根后用塑料膜覆盖5小时后移栽。(4)晚稻播种时，每667m2撒3％映喃丹颗粒剂3kg，也可在秧苗移栽前7—8天，用40％乐果乳油250ml，拌细干土20kg制成毒土撒施有效。(5)搞好虫情监测预报，对稻瘦蚊主要为害世代的发生作出及时、准确的预测预报。(6)加强农业防治和健身控害栽培。①夏收夏种季节，及时耙沤已收早稻田块，铲除田基、沟边杂草，用烂泥糊田埂等，可消灭蓉草、稻根腋芽及再生稻上的虫源，减少虫口基数。⑧合理搭配种植中、早熟杂交稻。如汕桂34、博优49等组合。⑧不在早稻本田中播晚稻秧，提倡集中统一播育晚稻秧苗，推广水播旱管、旱育稀播等抗蚊育秧方式。防止夏、秋时节田间禾苗青黄并存或“一路青”的稻田生态等。④利用抗性资源，示范推广种植抗蚊品种如植选一号等。⑥注意保护利用天敌。⑧科学用药。秧田用药防治主要采用毒土畦面撒施方法。于秧苗起针到二叶一针期或移栽前5—7天，每667m2用10％益舒宝或5％爱卡士、3％米乐尔颗粒剂1.25—1.5kg，也可用3％呋喃丹或3％甲基异柳磷颗粒剂3.5—4kg拌土10一15kg均匀撒施。施药秧田要保持浅薄水层，并让其自然落干，让田土带药，为了防止秧苗带虫，用90％晶体敌百虫800倍液或40％乐果乳油500倍液浸秧根后用薄膜覆盖5小时后移栽。⑦在成虫盛发至卵孵化高峰期田间开始出现大肚秧时，每667m2用90％晶体敌百虫200g加40％乐果乳油100ml，拌土20kg后撒施。也可用3％呋喃丹颗粒剂3kg，进行深层施药，保持3cm浅水层。⑧本田防治在本田禾苗回青后到有效分蘖期，即播后7—20天内施药。一般只对有效分蘖期与稻瘿蚊入侵期相吻合的田块实行重点施药防治。药肥兼施，以药杀虫，以肥攻蘖，促蘖成穗。用药方法同秧田期，但应适当增加用药量。注意选用内吸传导性强兼杀卵的杀虫剂。用工农16型喷雾器加满水加入30％杀虫王5ml或加入20％杀敌宝5ml喷洒，也可选用40％氧化乐果或40％乐果、50％甲胺磷乳油1000倍液、36％克蜗蝇乳油1000—1500倍液喷洒，每667m2喷对好的药液50一60kg，防治稻瘦蚊，兼治稻秆蝇，防效90％一95％。"
芋蝗,http://www.cgris.net/disease/01－水稻/images/0525%20水稻-中华稻蝗（左）和芋蝗.jpg,"水稻芋蝗　
  学名:Gesonula punctifrons(Stdl)属直翅目，蝗总科。分布在江苏、浙江、江西、福建、广东、广西、台湾、四川、云南等省区。寄主 水稻、芋类、莲藕、野生水仙、甘蔗、玉米等植物。
  为害特点:以成、若虫啃食叶片成缺刻或食叶肉留下表皮，被害叶呈紫色小横斑，影响光合作用，阻碍植株生长。
  形态特征:雌成虫体长19—22mm，雄成虫17一18mm，体黄绿色。复眼的后方、前胸背板侧片的上端具黑褐色纵条纹，向后延伸至中、后胸背板的两侧。前翅黄绿色，后翅基部淡蓝色，顶端略烟色。后足腿节黄绿色，下膝侧片红色，肠节淡青蓝色，基部红色。头短于前胸背板。额面向后倾斜和头顶组成锐角；额面隆起具明显的纵沟。头顶略向前突出，复眼间头顶的宽度窄于或等于触角间颜面隆起的宽度。复眼卵形。触角丝状，到达或超过前胸背板的后缘。前胸背板前端较窄，后端较宽，中隆线弱，被3条横沟割断，后横沟位于中部之后；前缘近于平直，后缘为圆弧形。前、后翅发达，超过后足腿节的顶端。后足胫节内侧具8—9根刺，顶端第1与第2刺间的距离较各刺的距离长。卵长4—5mm，长圆筒形，初产淡黄色，渐变为深黄色，卵块状，外被囊状胶质保护物。若虫初孵浅绿色，后渐变为黄绿色。  
  生活习性:年生一代，在广东可发生3代。以成虫在枯枝落叶下越冬。翌年3月下旬至4月上旬开始活动，5、6月产卵，产卵于叶柄中下部，蛀孔分泌出黄褐色胶液，每雌产卵8—10块，每块有卵6一18粒左右，卵期20—32天，若虫6龄，历期30多天，到10月至11月陆续进入越冬期。成虫白天活动，中午天气炎热时，多在叶面上飞跳，很少取食。在田间每年以7至9月上旬发生数量较多。
  防治方法: (1)芋蝗产卵盛期在产卵孔处刮杀未孵化的虫卵，当卵孔已光滑，流出锈褐色汁液时，卵已孵化或近孵化，只要刮杀的时间掌握准确，可减轻为害。(2)在成、若虫盛期喷药防治，使用药剂种类参见中华稻蝗。"
云形病,http://www.cgris.net/disease/01－水稻/images/0041%20水稻云彩形病叶尖干枯状.jpg,"水稻云形病 
  症状: 又称褐色叶枯病、叶灼病。主要发生在长江流域和南方稻区。地上部各部位都可染病。主要为害叶片，叶片染病有二种症状。一种是海拔高的山区出现云纹形病斑。先从下部叶的叶尖或叶缘产生水浸状小斑点，后迅速向叶基或内侧波浪状扩展，病斑中心灰褐色，外缘灰绿色，后期病斑上出现入场多明显的波浪状云纹线条。潮湿阴雨天气，叶片水浸状腐烂。高湿条件下，接近病健部产生白色粉状物，即病菌分生孢子，后期叶尖散生暗褐色小点，即病菌的子囊壳。另一种是在大风袭击地区出现褐色叶枯病斑，叶上先出现暗褐色小点，后扩展为长椭圆形病斑，对光观察，病斑周围有较宽的黄色晕圈，病健界限不明，无轮纹，后期病斑中央淡褐色到枯白，周围褐色，外围有黄色晕圈，严重时病斑连片使叶褐色枯死。叶鞘受害以剑叶的叶枕部较重。初产生暗褐色斑点，后扩大为棱形或不规则形，病斑中部淡褐色，周围暗褐或紫褐，外围黄色部较宽，严重时叶鞘整段枯死，使叶片枯黄，穗轴和枝梗受害形成暗褐或紫褐色长斑，枯死后呈淡褐色至褐色。谷粒受害，出现边缘不明显的褐斑，少数整粒褐变。 
  病原: Gerlachia oryzae  (Hashioka et Yokogi) W. Gams称稻格氏霉，属半知菌亚门真菌。异名：Rhynchosporium oryzae Hasioka et  Yokogi; Fusoma triseptatum Sacc; Fusarium nivale (Ces. ex Sacc.)。分生孢子梗极短，无色，分生孢子短新月形或纺锤形，大小8.4-16.8×2.6-4.9(μm)，无色单胞或双胞至四胞。有性态为Monographella albescens  (Thümen) Parkinson, Sivanesan et  Booth=Phragmosperma sp.; Micronectriella (Calonectria) nivalis (Schaffn.) C.  Bvoth; Metasphaeria albescens Thümen，均属于囊菌亚门真菌。子囊壳黄褐至暗褐色，球形或扁球形，大小172×71μm；子囊圆柱形，大小44.7-70.3×8.5-13.2(μm)，内生子囊孢子8个，平行交错排列，子囊孢子椭圆形，有3个隔膜，大小14.9-26.4×3.6-6.4(μm)，无色。  
  传播途径和发病条件:  病菌在病残体或病种子上越冬，病种子播种后引起芽鞘腐烂。叶上病部产生分生孢子借风雨传播进行再侵染。扬花灌浆期易发病且病情较重，后叶片大量枯死并侵染枝梗、穗轴、谷粒。 病菌生长温限5-30℃，最适20-25℃。产孢温限15-30℃，25℃最适。气温19-25℃，相对湿度大于98%，阴雨连绵，病害易于流行。一般籼稻和杂交稻发病重，粳稻次之糯稻发病轻。地势低洼，排水不良，施氮过多，密度过大，稻株徒长容易诱发该病发生。  
  防治方法:  (1)选用无病种子，避免在病田留种，精选种子，必要时进行种子处理。处理方法参见稻瘟病。(2)加强农业防治，采用配方施肥技术，合理施肥，防止偏施氮肥，增施磷钾肥，浅水灌溉，适时搁田，见干见湿，湿润灌溉，降低田间湿度。栽培密度不宜过大。(3)药剂防治。于水稻破口至齐穗期喷洒20%三唑酮乳油667m27-9g或40%禾枯灵30-40g，也可在发病初期每667m2喷洒40%克瘟散乳油50-75ml或50%甲基硫菌灵可湿性粉剂75g、50%多菌灵可湿性粉剂100g、20%三环唑可湿性粉剂74-100g、胶体硫333g，对水50-75L喷雾。发病田每667m2施石灰水10-15kg或草木灰20kg，有一定效果。此外可选用40%禾枯灵可湿性粉剂，每667m2用药60-70g，对水60L喷雾，还可兼治水稻叶尖枯病、鞘腐病、紫秆病、稻曲病等。"
根结线虫病,http://www.cgris.net/disease/01－水稻/images/0073%20水稻根结线虫病根部受害状.jpg,"水稻根结线虫病　 
  症状: 根尖受害，扭曲变粗，膨大形成根瘤，根瘤初卵圆形，白色，后发展为长椭圆形，两端稍尖，色棕黄至棕褐以至黑色，大小3×7(mm)，渐变软，腐烂，外皮易破裂。幼苗期1/3根系出现根瘤时，病力瘦弱，叶色淡，返青迟缓。分蘖期根瘤数量大增，病株矮小，叶片发黄，茎秆细，根系短，长势弱。抽穗期表现为病株矮，穗短而少，常半包穗，或穗节包叶，能抽穗的结实率低，秕谷多。海南、广东、广西、云南均有发生。 
  病原: Meloidogyne oryzae Maas, Sanders & Dede.称稻根结线虫，属线形动物门。雌虫卵圆形至肾形。二龄幼虫、雄虫线形，其体长分别为545μm和1667μm，口针为14.2μm和19μm。成熟雌虫乳白色，头颈部细长，其它部分膨大为圆梨状，体后部呈锥形。雌虫尾端卵囊，会阴花纹椭圆形，弓形高度中等。其形态与禾谷根结线虫(M.graminicola)相似。 
  传播途径和发病条件:  本病以1-2龄幼虫在根瘤中越冬，翌年，二龄侵染幼虫侵入水稻根部，寄生于根皮和中柱间，刺激细胞形成根瘤，幼虫经4次脱皮变为成虫。雌虫成熟后在根瘤内产卵，在卵内形成一龄幼虫，经一次脱皮，以二龄幼虫破壳而出，离开根瘤，活动于土壤和水中，侵入新根。线虫可借水流、肥料、农具及农事活动传播。线虫只侵染新根。酸性土壤，沙质土壤发病重，增施有机肥的肥沃土壤发病重。连作水稻重，水旱轮作病轻，水田发病重，旱地病轻；冬季浸水病重，翻耕晾晒田病轻。旱田铲秧比拔秧病轻。病田增施石灰发病明显减少。  
  防治方法:  (1)选用抗病品种秋长39、科选661、日本矮等品种发病轻。(2)实行水旱轮作，或与其它旱作物轮作半年以上。冬季翻耕晒田减少虫量。(3)增施有机肥，在栽植前或栽植返青后，每667m2施石灰75-100kg。(4)旱育秧铲秧移植，减少秧苗带虫数。(5)药剂防治。用10%克线磷颗粒剂每667m2施3kg或5%呋喃丹颗粒剂1-2kg或92%巴丹药液6000-8000倍浸种48小时。"
稻秆潜蝇,http://www.cgris.net/disease/01－水稻/images/0497%20水稻-稻秆潜蝇成虫、卵、幼虫.jpg,"水稻稻秆潜蝇　  
  学名: Chlorops oryzae Matsumura双翅目，黄潜叶蝇科。别名稻秆蝇、稻钻心蝇、双尾虫等。分布在黑龙江、浙江、江西、湖南、湖北、广东、广西、云南、贵州等省。  寄主  水稻、小麦、看麦娘、早熟禾、稗草等。  
  为害特点: 以幼虫蛀入茎内为害心叶、生长点、幼穗。苗期受害长出的心叶上有椭圆形或长条形小孔洞，后发展为纵裂长条状，致叶片破碎，抽出的新叶扭曲或枯萎。受害株分桑增多，植株矮化，抽穗延迟，穗小，秕谷增加。幼穗形成期受害出现扭曲的短小白穗，穗形残缺不全或出现花白穗。近年该虫为害呈上升的趋势。 
  形态特征: 成虫体长2.3—3mm，翅展5—6mm，体鲜黄色。头部、胸部等宽，头部背面有1钻石形黑色大班；复眼大，暗褐色；触角3节，基节黄褐色，第二节暗褐色，第3节黑色膨大呈圆板形，触角芒黄褐色，与触角近等长。胸部背面具3条黑色大纵斑，腹部纺锤形，各节背面前缘具黑褐色横带，第1节背面两侧各生1黑色小点。体腹面浅黄色。翅透明，翅脉褐色。足黄褐色，财节末端暗黑色。卵长0.7一lmm，白色，长椭圆形。末龄幼虫体长约6mm，近纺锤形，浅黄白色，表皮强韧具光泽。尾端分两叉。蛹长6mm，浅黄褐色至黄褐色，上具黑斑，尾端也分两叉。 
  生活习性: 福建年生2—3代，湖南、湖北、贵州、云南、浙江等地年生3代。湖南新宁一带翌年3月底一4月上旬，成虫把卵产在秧苗上，4月中旬孵化，初孵幼虫借露水沿叶背向下移动侵入心叶为害直至5月中旬化蛹，6月羽化。二代幼虫于6月下旬一7月上旬孵化，为害孕穗及抽穗期的水稻。第二代成虫羽化不整齐，羽化后飞至红薯田，9月下旬一10月陆续到马铃薯、秋养、秋菜、看麦娘及早播冬小麦叶片上产卵。卵散产，一般一叶一卵。冬暖夏凉的气候适其发生，日均温35℃以上，幼虫发育受阻。多露、阳光不足、环境潮湿、田水温度低为害重。海拔3000m以上的山区受害更重。 
  防治方法:  (1)单季稻、双季稻混栽山区尽量不种单季稻，可抑制发生量。(2)采用狠治一代，挑治二代，巧治秧田的策略。一代为害重且发生整齐，盛期也明显，对防治有利。成虫盛发期、卵盛孵期是防治适期，当秧田每m2有虫3.5—4.5头或本田每100丛有虫1—2头或产卵盛期末，秧田平均每株秧苗有卵0.1粒，本田平均每丛有卵2粒时开始防治成虫喷洒80％敌敌畏乳油或50％杀螟松乳油，每667m2 50ml，对水50kg。防治幼虫用40％乐果乳油150—200ml对水50kg喷雾，也可用50％杀螟松乳油，每667m2用药100ml，对水50kg；秧田可用3％克百威颗粒剂，每的7m2 2—3kg，拌细土20kg撒施。对带卵块的秧田，可用40％乐果乳油250倍液浸秧根1分钟，也可用50％杀螟松乳油300倍液或36％克螨蝇乳油1000倍液浸秧根。浸秧时间需根据当时温度、秧苗品种及素质先试验后再确定，以防产生药害。"
稻白粉虱,http://www.cgris.net/disease/01－水稻/images/0526%20水稻-稻白粉虱成虫放大.jpg,"水稻稻白粉虱　
  学名:Aleurocybotus indicus David et Subramaniam同翅目，粉虱科。异名Bemisia sp.分布1991年在福建省闽中、闽东稻区发现。近年湖南稻田普遍发生。寄主 水稻，是水稻上新害虫。
  为害特点:成、若虫用口针插入叶肉吸食稻叶汁液，造成稻叶变黑、枯萎霉烂或诱发煤烟病，严重威胁水稻生产。
  形态特征:雌成虫体长约0.71mm，雄虫约0.64mm，初羽化成虫于5—6天后身体及翅面分泌出白色蜡粉覆盖。一龄若虫体长0.29mm，胸足3对，触角发达，虫体浅黄绿色，扁平椭圆形，虫体外缘具刺毛18对，且前后端刺毛较两侧刺毛粗长，进入二龄后触角和足退化。二、三龄若虫体长0.34mm和0.57mm。蛹壳长约0.92mm，宽0.38mm，椭圆形，背面前端具刺毛4—6根，多为4根，具“上”蜕裂线，后端具刺毛4根。
  生活习性:湖南年生6代，福建7代，以第7代拟蛹和成虫在马唐、千金子、狗牙根、牛筋草等禾本科杂草及落谷苗的叶背面越冬，翌年4月中下旬气温升至16℃时，早播秧田上出现成虫，第1—4代为害双季早稻，3代是主害代。平均气温26.8℃，相对湿度72％，卵期9—12天，一龄若虫2—3天，二龄3—5天，三龄4—6天，假蛹6—8天，成虫产卵前期1—2天，成虫寿命9—21天。3—6代为害单季中稻，4—5代是主害代。5—6代为害双季晚稻，第5代是主害代。3—5代出现世代重叠。孕穗至灌浆期受害重。稻田灌深水、杂草多、偏施氮肥、植株生长茂盛、无效分蘖多、通风不良受害重。7—8月高温干旱受害重。天敌有蜘蛛、蚂蚁、隐翅虫、寄生蜂等。 
  防治方法: (1)农业防治 及时清除田边、沟边杂草，及时耕翻落谷苗，消灭越冬虫源。合理密植，防止偏施氮肥，加强田间管理，不要深灌，适时烤田，控制无效分蘖。(2)采用压前控后治虫策略，狠治3—5代。在低龄若虫发生盛期喷洒25％扑虱灵可湿性粉剂1000倍液或40％氧化乐果乳油1000倍液、8％杀虫威可湿性粉剂1500倍液、20％灭扫利乳油1000倍液、44％速凯乳油1500倍液、20％吡虫啉(康福多)浓可溶剂3000一4000倍液。"
叶尖枯病,http://www.cgris.net/disease/01－水稻/images/0042%20水稻叶尖枯病症状.jpg,"水稻叶尖枯病　 
  症状: 又称水稻叶尖白枯病。主要为害叶片，病害开始发生在叶尖或叶缘，然后沿叶缘或中部向下扩展，形成条斑。病斑初墨绿色，渐变灰褐色，最后枯白。病健交界处有褐色条纹，病部易纵裂破碎。严重时可致叶片枯死。为害稻谷，颖壳上形成边缘深褐色斑点后，中央呈灰褐色病斑，病谷秕瘦。 
  病原: Phoma oryzicolaHara=Phyllosticta oryzae Hara称稻生茎点霉，属半知菌亚门真菌。分生孢子器初埋在稻叶表皮下，后稍外露，黑褐色。产孢细胞单细胞，不分枝，产孢方式为全壁芽生单合格式。分生孢子卵圆形，单细胞，无色，大小2.8-7.0×2.8-3.9(μm)。分生孢子具油球1-2个。有性态为Tromatosphaella oryzae (Miyake) Pawick称稻小陷壳，属子囊菌亚门真菌。 
  传播途径和发病条件:  病菌以分生孢子器在病叶和病颖壳内越冬。病菌寄主有禾本科杂草10多种，因此带菌杂草也可传播。越冬分生孢子器遇适宜条件释放出分生孢子，借风雨传播至水稻叶片上，经叶片、叶缘或叶部中央伤口侵入。在拔节至孕穗期形成明显发病中心，灌浆初期出现第二个发病高峰。这一期间低温、多雨、多台风有利于病害发生。暴风雨后，稻叶造成大量伤口，病害易大发生。施氮过多、过迟发病重，增施硅肥发病轻。水稻分蘖后期不及时晒田，积水多，发病重。田间密度大，发病重。发病适温25-28℃，菌丝生长温限10-35℃，最适22-25℃，分生孢子形成温限15-30℃，最适25℃，孢子萌发温限10-35℃，最适30℃。  
  防治方法:  (1)加强种子检疫，防止传入无病区。(2)选用抗病品种，粳稻较籼稻抗病。高秆的和叶长披软品种较感病。籼稻吕的扬稻3号、4号，3037，南农3005，兴籼1号较抗病。(3)施足有机肥，增施磷钾肥和硅肥。分蘖期要适时、适度晒田，生长后期干干湿湿。栽培不可过密，降低田间湿度。(4)药剂防治。药剂处理种子用50%多菌灵或50%甲基硫菌灵可湿性粉剂250-500倍液浸种24-48小时、40%禾枯灵可湿性超微粉250倍液浸种24小时，效果良好。在水稻孕穗至抽穗扬花期，发现中心病株后选用40%多菌灵胶悬剂40ml或40%禾枯灵可湿性粉剂60-75g。每667m2对水60L喷雾。40%禾枯灵还可兼治稻曲病、云形病、鞘腐病、紫秆病等真菌病害。"
倒伏,http://www.cgris.net/disease/01－水稻/images/0075%20水稻倒伏.jpg,"水稻倒伏 
  症状: 在水稻栽培过程中，经常发生不同程度的倒伏，常见的有两种：一种是基部倒伏，二是折秆倒伏，前者是水稻倒伏的主要现象。 病因一是：水稻倒伏与水稻植株节间的椭圆特性有关，水稻节间横断面一直被认为是圆形的，其实水稻节间是椭圆形的，表现出一定的扁平度，低位节间的扁平率高于高位节间，经测定倒伏茎比不倒伏茎表现较高的扁平率，与节间的抗倒伏性有关。二是：倒伏茎的低位节间长和总茎长明显大于不倒伏茎，这说是有低位节间越长的茎越易倒伏。三是：倒伏茎的Ⅲ、Ⅳ节间长茎轴和短茎轴较不倒茎的小，这一结果不同于以前研究得出的倒伏与不倒伏茎的宽充无差异的结果。四是：倒折一般发生在胝位节间，即第Ⅳ节间，至于邻近Ⅲ、Ⅳ两节发生倒伏概率很小，因此Ⅰ、Ⅱ节很少发生折断现象。五是倒折发生在折断节间的位置，试验表明第Ⅲ节间折断点位于节间长的13.2%-33.42%区域，第Ⅳ节间位于15.71%-23.15%区域，第Ⅴ节间位于13.27%-35.05%区域。根据上述结果可以断定，折断点位于折断节间下位节，在此节间长的10%-30%区域内。这一区域虽然只有节间长的20%，但折 断发生在这一区域的概率至少有95%，这有限的20%区域被看作是折断区域，折断发生在此区域原因可能是叶鞘和茎节间综合作用的结果。折断均发生在短茎轴方向。 看来水稻的倒伏原因除公认的低位节节间长与倒伏有关外，低位节间扁平率和其横截面的长茎轴和短茎轴宽度对抗倒性也有重要作用，从折断节间、折断位置、折断方向的观察表明：折断并不随机发生在某一节间的某一位置，而是在某一特定的位置，有的品种在Ⅳ节间，有的品种在Ⅳ和Ⅴ节间，折断区域局限于由下位节向上节间长的10%-30%的区域内，大部分折断沿着节间横截面的短茎轴方向发生。除了水稻本身上述原因外，其他原因还有水稻品种特性、栽植密度、施肥、气象条件等因子，倒伏是它们综合作用的结果。 
  防治方法:  (1)因地制宜选用适合当地的2-3个抗倒伏品种。如早稻有：中106、中丝2号、鄂汕杂1号、桂引901等抗倒伏的品种。中稻可选用东农419、嘉手、豫梗6号、香宝3号、八桂占2号、宁梗17号、藤系144等。晚稻可选用津稻308，津星1号，冀粳14号、15号，花粳45，辽粳244、287，沈农9017，东农419，毕粳37，宁粳15号，雪峰，龙梗4号等抗倒伏品种。(2)采用配方施肥技术，合理施用氮、磷、钾肥，防止偏施、过施氮肥，必要时喷洒惠满丰(高美施)，每667m2用210-240ml，对水稀释300-500倍喷叶1-2次或促丰宝Ⅱ型活性液肥600-800倍液。(3)合理密植。(4)对有倒伏趋势的直播水稻在拔节初期喷洒5%烯效唑乳油100mg/kg，也可选用壮丰安水稻专用型，防倒效果优异。"
菲岛毛眼水蝇,http://www.cgris.net/disease/01－水稻/images/0498%20水稻菲岛毛眼水蝇成虫（左）和蛹.jpg,"水稻菲岛毛眼水蝇　  
  学名: Hydrellia philippina Ferino属双翅目，水蝇科。毛眼水蝇是为害水稻水蝇的统称，除东方毛眼水蝇外，还有灰刺角水蝇、稻水蝇(Ephydra macellaria Egger)等多种。世界各地已发现5种，形态近似。分布全国各稻区。  寄主  水稻、茭白、野英、李氏禾等。  
  为害特点: 幼虫蛀食叶鞘和叶肉，叶鞘虫道内堆积黄褐色虫粪碎屑，后腐烂植株折倒。 
  形态特征: 成虫体长1.7—2.3mm，翅展4.6mm，体灰褐色至黑灰色，头部铅灰色。复眼密布黑短毛。额短。腹部黑色，但密布细毛而呈绿灰色，唯腹部背面暗灰色，每一环节后缘具灰色环带。雄虫腹末有1侧扁突起，着生在侧尾叶基部的正中。卵长0.5-0.7mm，长梭形，初乳白色，后变灰白。末龄幼虫体长6—8mm，初乳白色，后变浅黄色至黄绿色，长圆筒形，11节，体表光滑，有刚毛。口针黑褐色，后端分叉。前胸气门突起，腹部末端具1对气门。蛹长5—9mm，宽2—3mm，体12节，圆筒形，初黄褐色，后变黄棕色或棕褐色，头部前端具2丛黑鬃。尾部有黑色气门突1对。 
  生活习性: 广西象州、台湾年生8代，以幼虫在水沟李氏禾、晚稻再生苗及英白上越冬，越冬幼虫于翌年3月中旬开始活动，向根茎上转移，2、3代发生盛期是4月中旬至6月上旬和5月下旬至7月中旬，第4、5、6代发生在7月上旬至8月中旬、8月上旬至9月中旬及9月上旬至10月中旬。每雌可产卵10-40粒，成虫寿命4—8天，卵散产，卵期2—4天，幼虫期11—20天，蛹期5—11天。此外，稻茎毛眼水蝇习性与此虫相近。为害水稻主要在5月上旬至10月中旬，7月下旬至10月上旬是为害高峰期，全年三、四代发生量大。  
  防治方法:  (1)通过定期剥查化蛹进度，预测成虫羽化高峰期和卵孵化盛期，隔5—10天剥查1次。(2)每年3月以前彻底消除水稻遗留残株，集中深埋或烧毁。(3)主防一、二代，控制三、四代，杀灭初孵幼虫，兼治成虫。喷洒25％爱卡士乳油1500倍液或2.5％溴氰菊酯乳油2500倍液、10％毗虫啉可湿性粉剂2500倍液、50％蝇蛆净粉剂或35％驱蛆磷乳油2000倍液。(4)实行检疫，有水蝇的稻苗禁止外运。"
稻赤斑沫蝉,http://www.cgris.net/disease/01－水稻/images/0527%20水稻-稻赤斑沫蝉成虫.jpg,"水稻稻赤斑沫蝉　
  学名:Callitetix versicolor  (Fabricius)同翅目，沫蝉科。别名赤斑沫蝉、稻赤斑黑沫蝉。俗称雷火虫。分布北起浙江、河南、陕西，南至广东、广西、云南、四川、贵州、福建。寄主 主害水稻，也为害高粱、玉米、粟、甘蔗、油菜等。1985年在湖南为害水稻、玉米、高粱严重。
  为害特点:为害水稻时主要为害剑叶，成虫刺吸叶部汁液，初现黄色斑点，叶尖先变红，后叶片上现不规则红褐色条斑或中脉与叶缘间变红，后全叶干枯。孕穗前受害，常不易抽穗，孕穗后受害致穗形短小秕粒多。为害玉米时，以针状口器刺吸玉米叶片汁液，致刺吸孔周围形成黄色至黄褐色梭形斑，受害叶出现一片片枯白。为害高粱时受害状与水稻类似，有的叶片现长椭圆形至不规则形枯斑，造成整株干枯死亡。
  形态特征:成虫体长11—13.5mm，黑色狭长，有光泽，前翅合拢时两侧近平行。头冠稍凸，复眼黑褐色，单眼黄红色。颜面凸出，密被黑色细毛，中脊明显。触角基部2节粗短，黑色。小盾片三角形，顶具1大的梭形凹陷。前翅黑色，近基部具大白斑2个，雄性近端部具肾状大红斑1个，雌性具2个一大一小的红斑。卵长椭圆形，乳白色。若虫共5龄，形状似成虫，初乳白色，后变浅黑色，体表四周具孢沫状液。
  生活习性:河南、四川、江西、贵州、云南等省年生1代，以卵在田埂杂草根际或裂缝的3—10cm处越冬。翌年5月中旬至下旬孵化为若虫，在土中吸食草根汁液，2龄后渐向上移，若虫常从肛门处排出体液，放出或排出的空气吹成孢沫，遮住身体进行自我保护，羽化前爬至土表。6月中旬羽化为成虫，羽化后3—4小时即可为害水稻、高粱或玉米，7月受害重，8月以后成虫数量减少，11月下旬终见。每雌产卵164—228粒。卵期10—11个月，若虫期21—35天，成虫寿命11—41天。一般分散活动，早、晚多在稻田取食，遇有高温强光则藏在杂草丛中，大发生时傍晚在田问成群飞翔。一般田边受害较田中心重。 
  防治方法: (1)为害重的地区，冬春结合铲草积肥或春耕沤田时，用泥封田埂，能杀灭部分越冬卵，同时可阻止若虫孵化。(2)必要时在6—7月成虫发生盛期喷洒40％异丙威乳油150一200ml，(有效成分30一40g)，对水75一100L均匀喷雾，施药时田间保持浅水层2—3天，能兼治稻蓟马等。此外也可喷洒45％马拉硫磷乳油1000倍液、40％氧乐果乳油1500倍液。"
窄条斑病,http://www.cgris.net/disease/01－水稻/images/0043%20水稻窄条斑病病叶.jpg,"水稻窄条斑病　 
  症状: 又名稻条叶枯病、褐条斑病、窄斑病。全国各稻区均有发生。叶片染病  初为褐色小点，后沿叶脉向两边扩展，呈四周红褐色或紫褐色，中央灰褐的短细线条状斑，抗病品种的病斑线条短，病斑窄，色深。发病严重时，病斑连成长条斑，引致叶片早枯。叶鞘染病  多从基部出现细条斑，后发展为紫褐色斑块，严重时可致全部叶鞘变紫，其上部叶片枯死。穗颈和枝梗染病  初为暗色至褐色小点，略显紫色，发病严重使穗颈枯死，注意与穗瘟区别。谷粒受害多发生于护颖或谷粒表面，呈褐色小条斑。 
  病原: Cercospora oryzaeMiyake=C.janseana Miyake称稻尾孢，属半知菌亚门真菌。分生孢子梗单生，或3-5根成簇，有数个分隔，大小34.3-58.8×4.3-4.8(μm)，顶生分生孢子，分生孢子淡橄榄色或无色，短鞭状，多有分隔3-4个，大小25.7-34.3×4.3-5.2(μm)。有性态为Sphaerulina oryzae Hara称稻亚球壳，属子囊菌亚门真菌。
  传播途径和发病条件:  病种子或病残体带菌为主要初侵染源，病菌在稻种上可存活至翌年7月。稻草上病菌因存放场所不同，存活力有较大差异，深埋于草塘或沤粪时仅存活5天。次年在适宜条件下产生分生孢子，随风雨传播至稻田，引起发病。病株产生分生孢子进行再侵染。 病菌在6-33℃间都可发育，25-28℃最适。该病主要在抽穗期发病较重。缺磷，长势不良，发病重；长期深灌发病重；阴雨高温气候有利窄条病发生。单季晚稻一般受害较重。 
  传播途径和发病条件:  病种子或病残体带菌为主要初侵染源，病菌在稻种上可存活至翌年7月。稻草上病菌因存放场所不同，存活力有较大差异，深埋于草塘或沤粪时仅存活5天。次年在适宜条件下产生分生孢子，随风雨传播至稻田，引起发病。病株产生分生孢子进行再侵染。 病菌在6-33℃间都可发育，25-28℃最适。该病主要在抽穗期发病较重。缺磷，长势不良，发病重；长期深灌发病重；阴雨高温气候有利窄条病发生。单季晚稻一般受害较重。"
低温冷害,http://www.cgris.net/disease/01－水稻/images/0076%20水稻低温冷害.jpg,"水稻低温冷害  
  症状: 秧苗期受低温为害后，全株叶色转黄，植株下部产生黄叶，有的叶片呈现褐色，部分叶片现白色或黄色至黄白色横条斑，俗称“节节黄”或“节节白”。在2-3叶苗期遇有日均气温持续低于12℃，易产生烂秧。孕穗期冷害  降低颖花数，幼穗发育受抑制。开花期冷害常导致不育，即出现受精障碍。低温常开花期延迟，成熟期推迟，造成成熟不良。成熟期冷害  谷粒伸长变慢，遭受霜冻时，成熟进程停止，千粒重下降，造成水稻大面积减产。 病害  水稻产生障碍型冷害，穗子是低温的敏感部位，其中花药是直接感受低温影响结实的器官，在一个穗上对低温反映也不同。障碍型冷害的敏感时期是小孢子形成初期，从水稻生育进程来看，减数分裂期与小孢子形成初期相距只有1天左右。生产上引起孕穗期不受精的短期低温处理的临界温度有下述3种情况：发生不受精的起始温度在18-20℃；发生障碍型冷害的危险温度是15-17℃；完成不受精的临界温度是10-12℃。在田间昼温高，夜温低，昼夜变温与稳定低温引起的不实率有差异，当白天温度高足以补偿夜间低温时，就不会影响结实。在水稻生育过程中，遇到适温以下的低温条件，光合作用、呼吸作用受到抑制，物质代谢、能量代谢异常。试验证明：低温影响净同化率，根际温度低于16℃，净同化率减少。在新的冷害机理认为，低温引起生物膜相变以后，生物膜损坏，引致代谢系乱，造成伤害。有专家认为，低温使喜温作物生物膜发生相变，这是水稻对零上低温的初始反应，也是冷害的始因。由于膜的类脂类物质凝固，膜质由液晶态变为凝胶态。膜质中脂肪酸的碳氢链由无序排列变为有序排列，使生物膜厚度及外型改变，由于膜的收缩，膜面产生孔道，出现龟裂。生物膜透性增加使细胞人溶质外渗，呼吸减弱，细胞里的无氧呼吸积累乙醛、乙醇等有毒物质，致细胞受到伤害，作物生和受抑。低温持续时间短或强度不大，这种过程还是可逆的。温度回升转为正常后，膜相又转为液晶态，作物代谢恢复正常。如低温强度大持续时间长，细胞膜降解为不可逆状态，引致细胞和组织死亡。造成植株萎蔫或枯死。我国东北稻作区、华北稻作区、西北稻作区、华中稻作区、华南稻作区、西南稻作区所处地理位置南北横跨31个纬度，高低相差2700m，生长季节长短悬殊，光、温、水等生态条件各异，形成各自的稻作制度、品种类型和种植方式，各地冷害发生频率、类型、受害程度不同。  
  防治方法:  (1)工程措施。兴修水利，搞好稻田基本建设。(2)生物措施。①选用适合当地的抗冷的新品种。如滇粳39号、40号，花粳45，辽粳244，藤系144，皖稻63号，鄂籼杂2号，合系30，宁粳15号、6号，87-9等。②培育壮秧提高秧苗素质。③适期早播、早插。④计划栽培确保安全齐穗。⑤掌握生育指标，决定安全齐穗期。⑥合理施肥。以水增温。(3)大力推广水稻地膜覆盖，通过解决低温这个制约低产田水稻生产上的老大难，使稻田土壤的温、光、水、气重新优化组合，创造水稻良好的生育环境。较好地解决低温冷害问题，必将对低温地区低产稻生产带来一次飞跃，甚至使低洼冷浸田由一年一熟向一年两熟发展，高山田将由低产短组合品种向高产长组合品种发展，甚至还可使贫困山区改变面貌，带来巨大的经济和社会效益。"
稻潜叶蝇,http://www.cgris.net/disease/01－水稻/images/0499%20水稻-稻潜叶蝇幼虫放大.jpg,"水稻稻潜叶蝇　  
  学名: Hydrellia griseola (Fallen)双翅目，水蝇科。分布东北、华北、浙江等地。  寄主  水稻及某些禾本科杂草。  为害特点幼虫潜食叶肉，致稻叶变黄干枯或腐烂，严重时全株枯死。 
  形态特征: 成虫体长2—3mm，青灰色。触角黑色，第3节扁平，近椭圆形，具粗长的触角芒虫1根，芒的一侧具小短毛5根；前缘脉有两处断开，无臀室。足灰黑色，中、后足第1跗节基部黄褐色。卵长椭圆形，乳白色，上生细纵纹。末龄幼虫体长3—4mm，圆筒形略扁平，乳白色至乳黄色，尾端具黑褐色气门突起两个。蛹长3.6mm左右，黄褐色，尾端具黑色气门突起两个。 
  生活习性: 东北年生4—5代，以成虫在水沟边杂草上越冬，翌春多先在田边杂草中繁殖1代。秧田揭膜后1代成虫可在秧田稻叶上产卵，在田水深通条件下，卵散产在下垂或平伏水面的叶尖上，生产上深灌或秧苗生长瘦弱时为害较重。从水稻秧田揭膜开始至插秧缓苗期是为害主要时期。水稻缓苗后植株已发育健壮，已不再受害，又飞到杂草上繁殖。
  防治方法:  (1)及时清除稻田杂草。(2)主防2代，杀灭初孵幼虫兼治成虫。用药种类参见菲岛毛眼水蝇。"
稻眼蝶,http://www.cgris.net/disease/01－水稻/images/0528%20水稻-稻眼蝶成虫.jpg,"水稻稻眼蝶　
  学名:Mycalesis gotama Moore属鳞翅目，眼蝶科。别名黄褐蛇目蝶、日月蝶、蛇目蝶、短角眼蝶。分布在河南、陕西以南，四川、云南以东各省。寄主 稻、茭白、甘蔗、竹子等。
  为害特点:幼虫沿叶缘为害叶片成不规则缺刻，影响水稻、英白等生长发育。
  形态特征:成虫体长16.5mm，翅展41—52mm，翅面暗褐至黑褐色，背面灰黄色；前翅正反面第3、6室各具1大1小的黑色蛇眼状圆斑，前小后大，后翅反面具2组各3个蛇眼圆斑。卵馒头形，大小0.8-0.9mm，米黄色，表面有微细网纹，孵化前转为褐色。幼虫初孵时2—3mm，浅白色，后体长32mm，老熟幼虫草绿色，纺锤形，头部具角状突起1对，腹末具尾角1对。蛹长约15mm，初绿色，后变灰褐色，腹背隆起呈弓状。  
  生活习性:浙江、福建年生4—5代，华南5—6代，世代重叠，以蛹或末龄幼虫在稻田、河边、沟边及山间杂草上越冬。成虫羽化多在6一15时，白天飞舞在花丛或竹园四周，晚间静伏在杂草丛中，经5—10天补充营养交尾后次日把卵散产在叶背或叶面，产卵期30多天，每雌可产卵96一166粒，初孵幼虫先吃卵壳，后取食叶缘，3龄后食量大增。老熟幼虫经1—3天不食不动，便吐丝粘着叶背倒挂半空化蛹。天敌有弄蝶绒茧蜂、螟蛉绒茧蜂、广大腿蜂及步甲、猎蝽等。
  防治方法: (1)利用幼虫假死性，震落后捕杀或放鸭啄食。(2)在2龄幼虫为害高峰期喷药防治。用药种类见菲岛毛眼水蝇。"
谷枯病,http://www.cgris.net/disease/01－水稻/images/0045%20水稻谷枯病病穗癍状.jpg,"水稻谷枯病　 
  症状: 又称水稻颖枯病。长江流域各稻区均有发生。在水稻抽穗后2-3周为害幼颖较重，初在颖壳顶端或侧面出现小斑，渐发展为边缘不清晰的椭圆斑，后病斑融合为不规则大斑，扩展到谷粒大部或全部，后变为枯白色，其上用生许多小黑点，即病菌分生孢子器。谷粒被害早的花器被毁或形成秕谷。乳熟后受害，米粒变小，质变松脆，质量轻，品质下降，接近成熟时受害，仅在谷粒上有褐色小点，对产量影响不大。 
  病原:Phyllosticta glumarum (Ell. et Fr.)Miyake=Phoma sorghina (Scc.) Boerema, Dorenb. et Kest称谷枯叶点霉，属半知菌亚门真菌。分生孢子器初埋生在病部表皮下，后全部外露仅基部留在病组织里，散生或群生，球形至扁球形，黑褐色，基部黄褐色，顶端突起为孔口。分生孢子小，无色或色浅，单胞，卵形至椭圆形，大小3-6×2-3(μm)，成熟后遇水可成群从孔口逸出。  
  传播途径和发病条件:  病菌以分生孢子器在稻谷上越立，次年释放出分生孢子借风雨传播，水稻抽穗后，侵害花器和幼颖。花期遇暴风雨，稻穗相互摩擦，造成伤口有利病菌侵入。生产上氮肥施用过量或迟施氮肥或冷水灌田，利于病害发生。  
  防治方法:  (1)选用无病种子，对种子进行消毒，方法参见稻瘟病。(2)带病秕谷用于高温沤制堆肥。(3)合理施肥，采用配方施肥技术，改造冷水田。(4)抽穗期结合防治穗瘟喷药保护，使用药剂参见稻瘟病。"
高温热害,http://www.cgris.net/disease/01－水稻/images/0077%20水稻苗期高温为害状.jpg,"水稻高温热害　  
  症状: 我国长江流域，双季早稻的开花灌浆期正值盛夏高温季节，经常出现水稻高温热害，造成水稻结实率下降及稻米品质变劣、影响早稻生产。 病因  高温对水稻植株的损害与水稻的生育时期关系密切。许多研究表明：水稻在开花期，高温防碍花粉成熟、花药的开裂、花粉在柱头睥发芽及花粉管的伸长，由此廷民的不受精对水稻的为害最严重，这一时期是水稻对高温的敏感期，尤其是开花当天遇有高温胁迫，易诱发小花不育，造成受精障碍，严重影响结实率及产量。近年来由于工业化程度加剧及人类活动增加、温室效应的影响，气候有逐渐变暖的趋势，高温热害发生频率正在加大，应引起生产上的重视。
  防治方法:(1)选用抗热品种。如籼稻中的优早3号、9136、珍油占等。粳稻的抗热品种，主要集中在辽宁、吉林、北京等北方稻区。(2)适期播种。使水稻开花期避开高温胁迫的时间，减少损失。(3)提倡施用多得稀土纯营养剂，每667m2用50g对水30L，于灌浆至孕穗期喷施，隔10-15天1次，连续喷2-3次。"
稻绿蝽,http://www.cgris.net/disease/01－水稻/images/0500%20水稻-大稻缘蝽（左）和稻绿蝽.jpg,"水稻稻绿蝽  
  学名: Nezara viridula(Linnaeus)半翅目，蝽科。别名稻青蝽。分布在我国东部吉林以南地区。  寄主  32科150种以上，包括水稻、番茄、马铃薯、白菜、甘蓝、豆类蔬菜作物。  
  为害特点: 成虫和若虫吸食汁液，影响作物生长发育，造成减产。 
  形态特征: 成虫全绿型[forma typica(Linnaeus)]体长12一16mm，宽6.0一8.5mm。长椭圆形，青绿色(越冬成虫暗赤褐)，腹下色较淡。头近三角形，触角5节，基节黄绿，第3、4、5节末端棕褐，复眼黑，单眼红。咏4节，伸达后足基节，末端黑色。前胸背板边缘黄白色，侧角圆，稍突出，小盾片长三角形，基部有3个横列的小白点，末端狭圆，超过腹部中央。前翅稍长于腹末。足绿色，跗节3节，灰褐，爪末端黑。腹下黄绿或淡绿色，密布黄色斑点。卵杯形，长1.2mm，宽0.8mm，初产黄白色，后转红褐，顶端有盖，周缘白色，精孔突起呈环，约24—30个。若虫一龄若虫体长1.1一1.4mm，腹背中央有3块排成三角形的黑斑，后期黄褐，胸部有一橙黄色圆斑，第2腹节有一长形白斑，第5、6腹节近中央两侧各有4个黄色斑，排成梯形。二龄若虫体长2.0-2.2mm，黑色，前、中胸背板两侧各有一黄斑。三龄若虫体长4.0-4.2mm，黑色，第1、2腹节背面有4个长形的横向白斑，第3腹节至末节背板两侧各具6个，中央两侧各具4个对称的白斑。四龄若虫体长5.2—7.0mm，头部有倒“T”形黑斑，翅芽明显。五龄若虫体长7.5—12mm，绿色为主，触角4节，单眼出现，翅芽伸达第3腹节，前胸与翅芽散生黑色斑点，外缘橙红，腹部边缘具半圆形红斑，中央也具红斑，足赤褐，跗节黑色。 
  生活习性: 北方地区年发生1代，四川、江西年发生3代，广东年生4代，少数5代。以成虫在杂草、土缝、灌木丛中越冬。卵的发育起点温度为12.2℃，若虫为11.6℃，有效发育积温为668日度。卵成块产于寄主叶片上，规则地排成3—9行，每块60一70粒。1—2龄若虫有群集性，若虫和成虫有假死性，成虫并有趋光性和趋绿性。 
  防治方法:  (1)冬季清除田园杂草地被，消灭部分成虫。(2)灯光诱杀成虫。(3)成虫和若虫为害期，喷洒广谱性杀虫剂。"
山稻蝗,http://www.cgris.net/disease/01－水稻/images/0529%20水稻-山稻蝗成虫.jpg,"水稻山稻蝗　
  学名:Oxya agavisa Tsai 直翅目，蝗总科。中国特有。分布在长江流域以南至海南、广东、广西、贵州、云南，东面滨海，西达甘肃，折入四川。寄主 主要为害水稻、小竹等。
  为害特点:成、若虫食叶成缺刻，严重时吃光全叶，仅残留主脉。
  形态特征:雄成虫体长21—24mm，雌成虫25—29mm，雄前翅长13—16mm，雌17—20mm，体短粗，绿色至黄绿色，有明显的宽黑褐色眼后带，延伸至前胸背板后缘。雌前翅臀脉域为绿色，雄为褐色，其它部位褐色。后足股节黄绿色或膝黑色，后足胫节绿色。触角丝状，长过前胸背板后缘。前胸背板侧缘平行，背板刻点略粗。前翅稍短，不达或刚达后足股节膝部。雄性肛板三角状，宽大于长，基部两侧有弱侧沟，肛上板侧缘略直。尾须锥状，顶端平，中央稍凹；下生殖板顶钝、短锥形。雌性前翅前缘生弱刺，腹部3、4节背板后下角有锐齿，第4节大，产卵瓣外缘有大小不等的钝齿，瓣基骨片内缘有1大齿，下生殖板端半部具粗侧隆线2条，端部齿状，下生殖板后缘中间三角形凸出，顶端二齿相距较近，三角突两侧各具1齿。  
  生活习性:河南年生1代，以卵在土中越冬。翌年5月上旬越冬卵开始孵化，7月-8月中旬进入成虫活动期，8月下旬成虫产卵。
  防治方法: 参见中华稻蝗。"
一柱香病,http://www.cgris.net/disease/01－水稻/images/0046%20水稻一柱香病病穗.jpg,"水稻-柱香病 
  症状: 主要为害穗部。受害水稻抽穗前，病在颖壳内长成米粒状子实体，将花蕊包埋在内，壳内子实体从内外颖的合缝延至壳外，形状不一，外壳渐变黑，同时还有菌丝将小穗缠绕，使小穗不能散开，抽出的病直立圆柱状，故称“一柱香”。病穗初淡蓝色，后变白色，上生黑色粒状物，妈病原菌的子座。 
  病原:Ephelis oryzae H.Syd.称稻柱香菌，属半知菌亚门真菌。分生孢子座散生，黑色，浅杯形或突出，圆形，大小1-1.5mm，表面生分生孢子层；分生孢子梗分枝，无色，大小57-85×1-1.43(μm)；分生孢子顶生，单或群生，无色针形，无隔，直或微弯，大小12-22×1-1.5(μm)。菌丝生长适温28℃，低于8℃，高于34℃不能生长，孢子在18-30℃间可发芽，26℃最适。孢子抗逆性强。 
  传播途径和发病条件:  病菌以孢子座混入种子中越冬，种子带菌是发病主要原因。土壤无传病作用。该病是系统侵染性病害，带菌种子播种后，病菌从幼芽侵入，造成当年发病。  
  防治方法:  (1)加强检疫，防止带菌种子进入无病区，从无病区引种。92)无病田留种。(3)种子处理。采用盐水选种或泥水选种汰除孢子座，或用52-54℃温汤浸种10分钟杀死种子上的病菌。"
营养障碍,http://www.cgris.net/disease/01－水稻/images/0078%20水稻正常与缺氮的水稻.jpg,"水稻营养障碍　  
  症状: 一、缺氮发黄症  水稻缺氮植株矮小，分蘖少，叶片小，呈黄绿色，成熟提早。一般先从老叶尖端开始向下均匀黄化，逐渐由基叶延及至心叶，最后全株叶色褪淡，变为黄绿色，下部老叶枯黄。发根慢，细根和根毛发育差，黄根较多。黄泥板田或耕层浅瘦、基肥不足的稻田常发生。二、缺磷发红症  秧苗移栽后发红不返青，很少分蘖，或返青后出现僵苗现象；叶片细瘦且直立不披，有时叶片沿中脉稍呈卷曲折合状；叶色暗绿无光泽，严重时叶尖带紫色，远看稻苗暗绿中带灰紫色；稻株间不散开，稻丛成簇状，矮小细弱；根系短而细，新根很少；若有硫化氢中毒的并发症，则根系灰白，黑根多，白根少。三、缺钾赤枯症  水稻缺钾，移栽后2-3周开始显症。缺钾植株矮小，呈暗绿色，虽能发根返青，但叶片发黄呈褐色斑点，老叶尖端和叶缘发生红褐色小斑点，最后叶片自尖端向下逐渐变赤褐色枯死。以后每长出一片新叶，就增加一片老叶的病变，严重时全株只留下少数新叶保持绿色，远看似火烧状。病株的主根和分枝根均短而细弱，整个根系呈黄褐色至暗褐色，新根很少。缺钾赤枯病主要发生在冷浸田、烂泥田和锈水田。四、缺锌丛生症  缺锌的稻苗，先在下叶中脉区出现褪绿黄化状，并产生红褐色斑点和不规则斑块，后逐渐扩大呈红褐色条状，自叶尖向下变红褐色干枯，一般自下叶向上叶依次出现。病株出叶速度缓慢，新叶短而窄，叶色褪淡，尤其是基部叶脉附近褪成黄白色。重病株叶枕距离缩短或错位，明显矮化丛生，很少分蘖，田间生长参差不齐。根系老朽，呈褐色，迟熟，造成严重减产。五、缺硫  症状与缺氮相似，田间难于区分。六、缺钙叶片变白，严重的生长点死亡，叶片仍保持绿色，根系伸长延迟，极尖变褐色。七、缺镁下部叶片脉间褐色。八、缺失整个叶片失绿或发白。九、缺锰嫩叶脉间失绿，老叶保持近黄绿色，褪绿条纹从叶尖向下扩展，后叶上出现暗褐色坏死斑点。新出叶窄而短，且严重失绿。十、缺硼植株矮化，抽出叶有白尖，严重时枯死。十一、缺铜叶片呈蓝绿色，近尖端失绿，褪色部沿中肋两侧向下扩展，后尖端变暗褐色，坏死，新抽出叶子不能展开，似针状。 病因  一缺氮  末施基肥或施入量不足或施入过量新鲜未发酵好的有机肥。二缺磷  红黄壤性水田、酸性红紫泥田、白浆土、新垦砂质滩涂土等稻田易缺磷，尤其是红黄壤性水田固磷能力强，易缺磷。有效磷与有机质含量正相关，有机质贫乏土壤易缺磷。生产上遇倒春寒或高寒山区山垅冷浸田易发生缺磷症。三缺钾  质量偏轻的河流冲积物及石灰岩、红砂岩风化物形成的土壤或土壤还原性强、或氮肥水平高且单施化肥易缺钾。此外，早稻前期持续低温阴雨后聚然转为晴热高温，造成土壤中有机肥或绿肥迅速分解，土壤养分迅速还原，常造成大面积缺钾。四缺锌  石灰性pH值高的土壤或江河冲积或湖滨、海滨沉积性石灰质土壤及石灰性紫色土、率武岩风化发育的近中性富铁泥土、地势低洼常渍水还原性强或施用了高量磷肥或施用了大量新鲜有机肥引起强烈还原或低温影响均易出现缺锌症。五缺硫  易发生在砂质淋溶型土壤或远离城镇工矿区，大气含硫少，近3-5年内未施含硫的肥料。六缺钙  土壤缺钙的情况较少，但南方某些花岗岩或千枚岩发育的土壤，其全钙含量甚徽，华中红壤地区全钙含量0.02%-0.25%，每百克土中含交换性钙5-100mg，某些红壤仅5.6mg，这时会出现典型缺钙症状。七缺镁  质地松的酸性土如丘陵河谷地区或雨水多的热带地区高度风化的土壤中水溶性和交换性镁含量少，易形成缺镁症。八缺铁  主要发生在近乎纯净的砂砾质土壤含泥极少，近于干砂培和特清的溪水流动灌溉条件下，造成缺铁。九缺锰  水稻叶片含锰量低于20mg/kg时，易出现缺锰症。水稻对锰虽不敏感，但我国华中丘陵区红砂岩发育的红壤及花岗岩发育的赤红壤含锰量都很低，北方的石灰性土壤，尤其是质地轻、有机质少、通透性良好的土壤，如黄淮海平原都属于缺锰的土壤。十缺硼  我国华南和华中地区有效态硼含量从痕迹至0.58mg/kg，平均为0.14mg/kg。花岗岩发育的土壤有效硼常在0.1mg/kg以下。此钙潜育性草甸土有效硼也很低。
  防治方法:(1)防止缺氮  及时追施速效氮肥，配施适量磷钾肥，施后中耕耘田，使肥料融入泥土中。(2)防止缺磷  浅水追肥，667m2用过磷酸钙30kg混合碳酸氢铵25-30kg随拌随施，施后中耕耘田；浅灌勤灌，反复露田，以提高地温，增强稻极对磷素的吸收代谢能力。待新根发出后，667m2追尿素3-4kg，促进恢复生长。(3)防止缺钾  补救时立邓排水，667m2施草木灰150gk，施后立即中耕耘田，或667m2追氯化钾7.5kg。同时配施适量氮肥，并进行间隙灌溉，促进根系生长，提高吸肥力。(4)防止缺锌  秧田期于插秧前2-3天，每667m2用1.5%硫酸锌溶液30kg，进行叶面喷施，可促进缓苗，提早分蘖，预防缩苗。始穗期、齐穗期，每667m2每次用硫酸锌100g，对水50kg喷施，可促进抽穗整齐，加速养分运转，有利灌浆结实，结实率和千粒重提高。(5)防止缺硫  注意施用含硫肥料。如硫铵、硫酸钾、硫磺及石膏等，除硫磺需与肥土堆积转化为硫酸盐后施用外，其他几种，每667m2施5-10kg即可。(6)防止缺钙  每667m2施石灰50-100kg。(7)防止缺镁  基施钙癣磷肥15-20kg，应急时喷1%硫酸镁。(8)防止缺铁  增施有机肥或培土。(9)防止缺锰  用1%-2%硫酸锰溶液浸种24-48小时，或基施硫酸锰162kg，与有机肥混用。(10)防止缺硼  在水稻生长中后期，喷施0.1%-0.5%硼酸溶液或0.1%-0.2%的硼砂溶液2-3次，每667m2用液量40-50kg。水稻叶面施肥，在超高产栽培条件下，单位面积人的生物产量有了大幅度提高，水稻田需肥量也相应增加，不仅需重视氮、磷、钾等大量元素，采用叶面施肥是一种经济有效的方法。提倡施用惠满丰(高美施)每667m2用210-240ml，对水稀释300-500倍液喷叶1-2次或次或促丰宝Ⅱ型活性液肥600-800倍液，或施用多功能高效叶肥-万家宝。其主要成分系腐植酸和多种微量元素螫合体，其中黄腐酸(FA)含量在8%以上，含锌及各种微量元素总量在12%以上，氮磷钾肥含量在10%以上，用后增产13%-14%，可在水稻孕穗期或灌浆期，每667m2每次用万家宝30-90g，对水45-50kg，早晚天气凉爽时喷洒，且可与多种杀虫杀菌剂混用，隔15天1次。水稻缺锌的地区或田块，用后效果尤其明显。"
大稻缘蝽,http://www.cgris.net/disease/01－水稻/images/0500%20水稻-大稻缘蝽（左）和稻绿蝽.jpg,"水稻大稻缘蝽　  
  学名: Leptocorisa acuta(Thunberg)半翅目，缘熔科。别名稻蛛缘蝽、稻穗缘蝽、异稻缘蝽。分布在广东、广西、海南、云南、台湾等省区。  寄主  水稻、玉米、豆类、小麦、甘蔗及多种禾本科杂草。  
  为害特点: 成、若虫吸食汁液，影响籽粒成熟。 
  形态特征: 成虫体长16-19mm，宽2.3—3.2mm，草绿色，体上黑色小刻点密布，头长，侧叶比中叶长，向前直伸。头顶中央有1短纵凹。触角第1节端部略膨大，约短于头脑长度之和。喙伸达中足基节间，末端黑。前胸背板长，刻点密且显著，浅褐色，侧角不突出较圆钝。前翅革质部前缘绿色，余茶褐色，膜质部深褐色。雄虫的孢器基部宽，端部渐尖削略弯曲。卵黄褐至棕褐色，长1.2mm，宽0.9mm，顶面观椭圆形，侧面看面平底圆，表面光滑。若虫共5龄。该虫有4个近缘种。即边稻缘蝽(L。costalis)、小稻缘熔(L.lepida)、中华稻缘熔(L.chinensis)、异稻缘熔(L.varicornis)。(图左)  
  生活习性: 云南年生3—4代，海南文昌4代，广西4—5代，以成虫在田间或地边杂草丛中或灌木丛中越冬。在云南、海南越冬成虫3月中下旬开始出现，4月上中旬产卵，6月中旬二代成虫出现为害英白和水稻，7月中旬进入三代，8月下旬发生4代，10月上中旬个别出现5代。成虫历期60一90天，越冬代180天左右。若虫期15—29天。成、若虫喜在白天活动，中午栖息在荫凉处，羽化后10天多在白天交尾，2—3天后把卵产在叶面，昼夜都产卵，每块5—14粒排成单行，有时双行或散生，产卵持续11—19天，卵期8天，每雌产卵76—300粒。禾本科植物多时发生重。  
  防治方法:参见稻棘缘熔。"
稻负泥甲,http://www.cgris.net/disease/01－水稻/images/0530%20水稻-稻负泥甲成虫和幼虫.jpg,"水稻稻负泥甲　
  学名:Oulema oryzae (Kuwayama)属鞘翅目，负泥甲科。俗称背屎虫、猪屎虫。主要分布在东北及中南部稻区。寄主 水稻、茭白、粟(谷子)、小麦、玉米、李氏禾、芦苇、碱草等。
  为害特点: 成、幼虫食害叶肉，残留叶脉或一层透明表皮，受害叶上出现白色条斑或全叶发白枯焦，严重时整株枯死。
  形态特征:成虫体长3.7—4.6mm，宽1.6—2.2mm，头、触角、小盾片黑色，前胸背板、足大部分黄褐色至红褐色，鞘翅青蓝色，具金属光泽，体腹面黑色，头具刻点，触角长达身体之半，前胸背板长大于宽。小盾片倒梯形，鞘翅上生有纵行刻点10条，两侧近平行。卵长0.7mm左右，长椭圆形，初产时浅黄色，后变暗绿至灰褐色。幼虫体长4—6mm，共4龄；头小，黑褐色，腹背隆起很明显，幼虫孵化后不久，体背上堆积着灰黄色或墨绿色粪便。蛹长4.5mm左右，蛹外包有白色棉絮状茧。
  生活习性:年生一代，以成虫在田埂、渠边、塘附近背风向阳处越冬。翌春，越冬成虫先在禾本科杂草上为害，4月下旬至5月上旬，当水稻等秧苗露出水面时，即迁移至水稻上为害，把卵产在叶面近叶尖处，少数产在叶背和叶鞘上，卵聚产，一般2一13粒排成2行；初孵幼虫多在心叶内为害，后扩展到叶片上，幼虫怕光，喜欢在早晨有露水时为害，晴天中午藏在叶背或心叶上，末龄幼虫把屎堆脱去，分泌出白色孢沫凝成茧后化蛹在茧内。5月下旬一6月上旬进入幼虫化蛹盛期，以成虫于8月上旬后越冬。雌成虫寿命309—328天，雄虫245—277天。成虫交尾适温16—22℃，相对湿度80％，雌性能重复交尾，雄性则不能。第1次交尾时间9—16时，第2次18—23时，日均温高于15℃开始产卵。 
  防治方法: (1)幼虫始发后把田水放干，撒石灰粉，然后把叶上幼虫扫落田中，也可在早晨露水未干时用苕帚扫除幼虫，结合耕田，把幼虫糊到泥里有效。(2)在幼虫1、2龄阶段喷洒50％杀螟松乳油1000倍液或25％爱卡士(喹硫磷)乳油1000倍液190％晶体敌百虫800倍液、50％辛硫磷乳油1500倍液，每667m2 喷对好的药液75L。隔10天左右1次，视虫情防治1次或2次。"
稻粒黑粉病,http://www.cgris.net/disease/01－水稻/images/0047%20水稻稻粒黑粉病病粒.jpg,"水稻稻粒黑粉病 
  症状: 又称黑穗病、稻墨黑穗病、乌米谷等。分布在我国长江流域及以南地区，主要发生在水稻扬花至乳熟期，只为害谷粒 ，每穗受害1粒或数粒乃至数十粒，一般在水稻近成熟时显症。染病稻粒呈污绿色或污黄色，其内有黑粉状物，成熟时腹部裂开，露出黑粉，病粒的内外颖之间具1黑色舌状凸起，常有黑色液体渗出，污染谷粒外表。扒开病粒可见种子内局部或全部变成黑粉状物，即病原菌的厚垣孢子。 
  病原: Tilletia barclayana(Bref.) Sacc. et Syd.称狼尾草腥黑粉菌，属担子菌亚门真菌。异名：Neovossia horrida(Tak.) Padw. et Azmat Kahn.孢子堆生在寄主子房里，被颖壳包被，部分小穗被破坏，产生黑粉。厚垣孢子球形至广卵形或椭圆形，黑色，大小25-32×23-30(μm)，表面密布齿状突起，无色至近无色，顶端尖，基部多角形稍弯曲，高2.5-4(μm)；担孢子线状，无色无隔膜，大小38-55×1.8(μm)；次生小孢子膜肠状，大小10-14×2(μm)。
  传播途径和发病条件:  病菌以厚垣孢了在种子内和土壤中越冬。种子带菌随播种进入稻田和土壤带菌是主要菌源。该菌厚垣孢子抗逆力强，在自然条件下能存活1年，在贮存的种子上能存活3年，在55℃恒温水中浸10分钟仍能存活，通过家禽、畜等消化道病菌仍可萌发，该菌需经过5个月以上休眠，气温高于20℃，湿度大，通风透光，厚垣孢子即萌发，产生担孢子及次生小孢子。借气流传播到抽穗扬花的稻穗大，侵入花器或幼嫩的种子，在谷粒内繁殖产生厚垣孢子。水稻孕穗至抽穗开花期及杂交稻制种田父母本花期相遇差的，发病相率高，发病重。此外雨水多或湿度大，施用氮肥过多也会加重该病发生。在杂交制种不同组合中，存在着母本内外颖最终不能闭合的现象，称作开颖。开颖率高的组合，如献优63，开颖率高达30%-40%，则发病率高。品种间发病率高低差异较大，汕优63第一年制种田，病穗率高达92%，病粒率25.19%。
  防治方法:  (1)实行检疫，严防带菌稻种传入无病区。(2)注意明确当地老制种田土壤带菌与种子带菌两者作用的主次。以种子带菌为主的地区，播种前必用10%盐水选种，汰除病粒，然后进行种子消毒，消毒方法参见稻瘟病。(3)实行2年以上轮作，病区家禽、家畜粪便沤制腐熟后再施用，防止土壤、粪肥传播。(4)加强栽培管理，避免偏施、过施氮肥，制种田通过栽插苗数、苗龄、调节出秧整齐度，做到花期相遇。孕穗后期喷洒赤霉素等均可减轻发病。(5)杂交制种田或种植感病品种，发病重的地区或年份，于水稻盛花高峰末期和抽穗始期，各喷1次14%黑偻净胶悬剂2400倍液或灭黑1号胶悬剂250倍液。轻病年则于盛花高峰末期喷1次即可。此外也可选用30%百科乳油每667m275ml或50%可湿性粉剂50，40%灭病威胶悬剂200ml、25%三唑酮可湿性粉剂50g，对水50L进行喷雾。使用三酮时应避开花期，于下午施药，以免产生药害。此外也可在水稻穗期喷洒25%敌力脱乳油2000倍液能有效地防治本病，还可兼治纹枯病、稻曲病、叶鞘腐败病。(6)选用抗病品种。在杂交稻的配制上，要选用闭颖的品种，可减轻发病。"
稻棘缘蝽,http://www.cgris.net/disease/01－水稻/images/0501%20水稻-稻棘缘蝽成虫.jpg,"水稻稻棘缘蝽　 
  学名:Cletus punctiger (Dallas)属半翅目，缘蝽科。分布上海、江苏、浙江、安徽、河南、福建、江西、湖南、湖北、广东、云南、贵州、西藏。 寄主 水稻、小麦、稗、豆类、玉米、苹果、桑及其他禾本科植物。 
  为害特点:喜聚集在稻、麦的穗上吸食汁液，造成秕粒。
  形态特征:成虫体长9.5—11mm，宽2.8—3.5mm，体黄褐色，狭长，刻点密布。头顶中央具短纵沟，头顶及前胸背板前缘具黑色小粒点，触角第1节较粗，长于第3节，第4节纺锤形。复眼褐红色，单眼红色。前胸背板多为一色，侧角细长，稍向上翘，末端黑。卵长1.5mm，似杏核，全体具珠泽，表面生有细密的六角形网纹，卵底中央具1圆形浅凹。若虫共5龄，3龄前长椭圆形，4龄后长梭形。5龄体长8—9.1mm，宽3.1—3.4mm，黄褐色带绿，腹部具红色毛点，前胸背板侧角明显生出，前翅芽伸达第4腹节前缘。
  生活习性:湖北年生2代，江西、浙江3代，以成虫在杂草根际处越冬，江西越冬成虫3月下旬出现，4月下旬一6月中下旬产卵。第一代若虫5月上旬～6月底孵出，6月上旬～7月下旬羽化，6月中下旬开始产卵。第二代若虫于6月下旬～7月上旬始孵化，8月初羽化，8月中旬产卵。第三代若虫8月下旬孵化，9月底～12月上旬羽化，11月中旬一12月中旬逐渐蛰伏越冬。广东、云南、广西南部无越冬现象。羽化后的成虫7天后在上午10时前交配，交配后4—5天把卵产在寄主的茎、叶或穗上，多散生在叶面上，也有2—7粒排成纵列。早熟或晚熟生长茂盛稻田易受害，近塘边、山边及与其他禾本科、豆科作物近的稻田受害重。
  防治方法: (1)结合秋季清洁田园，认真清除田间杂草，集中处理。(2)在低龄若虫期喷50％马拉硫磷乳油1000倍液或2.5％功夫乳油2000—5000倍液、2.5％敌杀死(溴氰菊酪)乳油2000倍液、10％吡虫啉可湿性粉剂1500倍液，每667m2喷对好的药液50L。防治1次或2次。"
稻铁甲虫,http://www.cgris.net/disease/01－水稻/images/0531%20水稻-稻铁甲虫成虫.jpg,"水稻稻铁甲虫　学名Dicladispa armigera (Olivier)属鞘翅目，铁甲科。分布在中国辽宁以南各稻区。寄主 水稻、麦类、甘蔗、茭白、芦草等。
  为害特点:幼虫潜入叶组织中取食叶肉，受害重时，呈现一片枯白色，影响生长发育。
  形态特征:成虫体长4—5mm，蓝黑色，具金属光泽，前胸背板前方、两侧各具瘤状突起，上生4根棘刺，后方两侧各具1根较大的棘。鞘翅每边疏生20一21根长短不一的棘。卵扁椭圆形，乳白色，表面覆有黄褐色胶状物质。末龄幼虫 体长5—6mm，中胸至第7腹节背面具2横列瘤状小突起，腹部各节两侧外突呈三角形。蛹长5mm，扁椭圆形，乳白色至深黄色。
  生活习性:江西、湖南、湖北、浙江年生3代，广东4—6代，以成虫在土石缝隙、杂草丛中或残株叶鞘内越冬。翌春初在禾本科杂草上或麦田里活动，后迁入稻田产卵，把卵产在距稻叶尖端12—18cm的组织里，初孵幼虫潜入叶片组织内取食叶肉，一生可转叶2—3个，多在清晨转移，蜕2次皮后在蛀道中化蛹。幼虫期10-15天，蛹期4—9天。成虫喜在夜间或清晨及雨天取食或活动。成虫寿命一、二代30—40天，越冬代6—7个月。 
  防治方法: (1)注意铲除田边、沟旁杂草。(2)成虫发生盛期，水稻处在秧田期，灌水把秧尖淹没，同时用稻草把浮在水面的成虫诱集在一起，集中深埋或烧却。(3)大田成虫发生盛期，每667m2喷洒50％杀螟松乳油800倍液。也可在一代幼虫盛孵期喷洒90％晶体敌百虫900一1000倍液。"
稻曲病,http://www.cgris.net/disease/01－水稻/images/0049%20水稻稻曲病病粒.jpg,"水稻稻曲病　 
  症状: 又称伪黑穗病、绿黑穗病、谷花病、青粉病，俗称“丰产果”。该病只发生于穗部，为害部分谷粒。受害谷粒内形成菌丝块渐膨大，内外颖裂开，露出淡黄色块状物，即孢子座，后包于内外颖两侧，呈黑绿色，初外包一层薄膜，后破裂，散生墨绿色粉末，即病菌的厚垣孢子，有的两侧生黑色扁平菌核，风吹雨打易脱落。河北、长江流域及南方各省稻区时有发生。 
  病原: Ustilaginoidea oryzae(Patou.) Bref=U.virens (Cooke) Tak.称稻绿核菌，属半知菌亚门真菌。分生孢子座6-12×4-6(μm)，表面墨绿色，内层橙黄色，中心白色。分生孢子梗直径2-2.5(μm)。分生孢子单胞厚壁，表面有瘤突，近球形，大小4-5(μm)。菌核从分生孢子座生出，长椭圆形，长2-20mm，在土表萌发产生子座，橙黄色，头部近球形，大小1-3mm，有长柄，头部外围生子囊壳，子囊壳瓶形，子囊无色，圆筒形，大小180-22μm，子囊孢子无色，单胞，线形，大小120-180×0.5-1(＃m)。厚垣孢子墨绿色，球形，表面有瘤状突起，大小3-5×4-6(m)。有性态为Claviceps virens Sakurai称稻麦角，属子囊菌亚门真菌。
  传播途径和发病条件:  病菌以落入土中菌核或附于种子上的厚垣孢子越冬。翌年菌核萌发产生厚垣孢子，由厚垣孢子再生小孢子及子囊孢子进行初侵染。气温24-32℃病菌发育良好，26-28℃最适，低于12℃或高于36℃不能生长，稻曲病侵染的时期有的学者认为在水稻孕穗至开花期侵染为主，有的认为厚垣孢子萌发侵入幼芽，随植株生长侵入花器为害，造成谷粒发病形成稻曲。抽穗扬花期遇雨及低温则发病重。抽穗早的品种发病较轻。施氮过量或穗肥过重加重病害发生。连作地块发病重。
  防治方法:  (1)选用抗病品种，如南方稻区的广二104，选271，汕优36，扬稻3号，滇粳40号等。北方稻区有京稻选1号，沈农514，丰锦，辽粳10号等发病轻。(2)避免病田留种，深耕翻埋菌核。发病时摘除并销毁病粒。(3)改进施肥技术，基肥要足，慎用穗肥，采用配方施肥。浅水勤灌，后期见干见湿。(4)药剂防治。用2%福尔马林或0.5%硫酸铜浸种3-5小时，然后闷种12小时，用清水冲洗催芽。抽穗前用18%多菌酮粉剂150-200g或于水稻孕穗末期每667m2用14%络氨铜水剂250g稻丰灵200g或5%井冈霉素水剂100g，对水50L喷洒。施药时可加入三环唑或多菌灵兼防穗瘟。施用络氨铜时用药时间提前至抽穗前10天，进入破口期因稻穗部分暴露，易致颖壳变褐，孕穗末期用药则防效下降。此外也可用50%DT可湿性粉剂100-150g，对水60-75L，于孕穗期和始穗期各防治一次，效果良好。也可选用40%禾枯灵可湿性粉剂，每667m2用药60-75g，对水60L还可兼治水稻叶尖枯病、云形病、纹枯病等。"
长肩棘缘熔和短肩棘缘蝽,http://www.cgris.net/disease/01－水稻/images/0502%20水稻长肩棘缘蝽成虫.jpg,"水稻长肩棘缘蝽和短肩棘缘蝽　 
  学名:长肩棘缘蝽Clketus  trigonus(Thunberg)和短肩棘缘靖C.pugnator,均属半翅目，缘蝽科。分布在长江流域、江苏、河南、云南、贵州等省。寄主 稻、苋菜、刺宽、莲子草、土荆芥、草萄、玉米、大豆等。
  为害特点:成、若虫刺吸水稻等汁液或为害草萄浆果。
  形态特征:长肩棘缘蝽 成虫体长7.5—8.8mm，宽4—5mm；触角第1—3节深褐色，等长，第4节黑褐色，末端红祸色。前胸背板前半部色浅，侧角呈细刺状向两侧伸出，不向上翘，黑色，革片内角翅室的白斑清晰。小盾片刻点粗，前足、中足基节各具2个小黑点，后足基节1个，体下色浅，腹部有4个黑点，中间2个小或不明显。卵近菱形，初乳白色，后渐变黄，半透明。末龄若虫黄褐色，腹部背面有小黑纹，前胸背板侧角向后偏外延伸成针状，翅芽达第3腹节后缘。短肩棘缘蝽 与长肩棘缘蝽近似，体长均在9mm以下，但短肩棘缘蝽前胸背板侧角刺短，侧角间宽度小于体长之半，可以区别。
  生活习性:长江流域年生2—3代，以成虫在枯枝落叶或枯草丛中越冬，翌年3—4月间开始产卵，卵多产在叶、穗或茎上。
  防治方法:  参见稻棘缘熔。"
稻象甲,http://www.cgris.net/disease/01－水稻/images/0532%20水稻-稻象甲成虫.jpg,"水稻稻象甲　
  学名:Echinocnemus squameus Billherg属鞘翅目，象甲科。别名稻象。分布在全国各产稻区。寄主 水稻、棉花、瓜类、甘薯、番茄、麦类、玉米等。
  为害特点:幼虫在土中食害稻根，致稻株变黄，严重时整株枯死。成虫咬食稻苗近水面的心叶，受害叶长出后，出现一行横排小孔，遇风折断浮在水面上。
  形态特征:成虫体长约5mm，体灰黑色，密被灰黄色细鳞毛，头部延伸成稍向下弯的喙管，口器着生在喙管的末端，触角端部稍膨大，黑褐色。稍翅上各具10条细纵沟，内侧3条色稍深，且在2—3条细纵沟之间的后方，具1长方形白色小斑。卵长0.6—0.9mm，椭圆形，半透明具光泽，初白色，后变深黄色。末龄幼虫体长9mm左右，头褐色，体乳白色，肥壮多皱纹，弯向腹面，无足。蛹长5mm，腹面多细皱纹，末节具1对肉刺，初白色，后变灰色。
  生活习性:浙江年生1代，江西、贵州部分1代，多为2代，广东2代。一代区以成虫越冬，一、二代交叉区和2代区也以成虫为主，幼虫也能越冬，个别以蛹越冬。幼虫、蛹多在土表3—6cm深处的根际越冬，成虫常蛰伏在田埂、地边杂草落叶下越冬。江苏南部地区越冬成虫于翌年5—6月产卵，10月间羽化。江西越冬成虫则于5月上中旬产卵，5月下旬一代幼虫孵化，7月中旬—8月中下旬羽化。二代幼虫于7月底—8月上中旬孵化，部分于10月化蛹或羽化后越冬。一般在早稻返青期为害最烈。一代约2个月，二代长达8个月，卵期5—6天，一代幼虫60一70天，越冬代的幼虫期则长达6—7个月。一代蛹期6—10天，成虫早晚活动，白天躲在秧田或稻丛基部株间或田埂的草丛中，有假死性和趋光性。产卵前先在离水面3cm左右的稻茎或叶鞘上咬一小孔，每孔产卵13—20粒，幼虫喜聚集在土下，食害幼嫩稻根，老熟后在稻根附近土下3—7cm处筑土室化蛹。生产上通气性好，含水量较低的沙壤田、干燥田、旱秧田易受害。春暖多雨，利其化蛹和羽化，早稻分蘖期多雨利于成虫产卵。
  防治方法: (1)农业防治 注意铲除田边、沟边杂草，春耕沤田时多耕多耙，使土中蛰伏的成、幼虫浮到水面上，再把虫涝起深埋或烧毁。(2)在稻象甲为害严重的地区，已见稻叶受害时，喷洒50％杀螟松乳油800倍液或90％晶体敌百虫600倍液，或667m2用40％甲基异柳磷乳油100ml或40％水胺硫磷乳油100ml对水喷雾。每667m2也可用40％甲基异柳乳油175ml配制成毒土撒施在稻田里，药后10天防效高达96％。此外每667m2还可用3%喃丹颗粒剂3kg，撒入田间，还可结合耕田，排干田水，然后撒石灰或茶子饼粉40-50kg。"
白叶枯病,http://www.cgris.net/disease/01－水稻/images/0051%20水稻白叶枯病田间为害状.jpg,"水稻白叶枯病　 
  症状: 又称白叶瘟、地火烧、茅草瘟。整个生育期均可受害，苗期、分蘖期受害最重，各个器官均可染病，叶片最易染病。其症状因病菌侵入部位、品种抗病性、环境条件有较大差异，常见分3种类型。叶枯型主要为害叶片，严重时也为害叶鞘，发病先从叶尖或叶缘开始，先出现暗绿色水浸状线状斑，很快沿线状斑形成黄白色病斑，然后沿叶缘两侧或中肋扩展，变成黄褐色，最后呈枯白色，病斑边缘界限明显。在抗病品种上病斑边缘呈不规则波纹状。感病品种上病叶灰绿色，失水快，内卷呈青枯状，多表现在叶片上部。急性凋萎型 苗期至分蘖期，病菌从根系或茎基部伤口侵入维管束时易发病。主茎或2个以上分蘖同时发病，心叶失水青枯，凋萎死亡，其余叶片也先后青枯卷曲，然后全株枯死，也有仅心叶枯死。病株茎内腔有大量菌脓，有的叶鞘基部发病呈黄褐或褐色，折断用手挤压溢出大量黄色菌脓。有的水稻自分蘖至孕穗阶段，剑叶或其下1-3叶中脉淡黄色，病斑沿中脉上下延伸，上可达叶尖、下达叶鞘，有时叶片折叠，病株未抽穗而死。褐斑或褐变型抗病品种上较多见，病菌通过剪叶或伤口侵入，在气温低或不利发病条件，病斑外围出现褐色坏死反应带，病情扩展停滞。黄化型症状不多见，早期心叶不枯死，上有不规则褪绿斑，后发展为枯黄斑，病叶基部偶有水浸状断续小条斑。天气潮湿或晨露未干时上述各类病叶上均可见乳白色小点，干后结成黄色小胶粒，很易脱落。水稻白叶枯病造成的枯心苗，在分蘖期开始出现，病株心叶或心叶以下1-2层叶出现失水、卷筒、青枯等症状，最后死亡。白叶枯病形成枯心苗后，其他叶片也逐渐青枯卷缩，最后全株枯死，剥开新青卷的心叶或折断的茎部或切断病叶，用力挤压，可见有黄白色菌脓溢出，即病原菌菌脓，别于大螟、二化螟及三化螟为害造成的枯心苗。 
  病原:Xanthomonas oryzae  称水稻黄单胞菌。包括白叶枯病菌和条斑病菌两个致病变种：即Xanthomonas oryzae pv.oryzae(Ishiyama)稻生黄单胞菌和Xanthomonas oryzae pv. oryzicola (Fang et al.)水稻黄黄单胞菌水稻生致病变种，属细菌。异名X.campestris pv.oryzae(Ishiyama) Dye。稻白叶枯病菌菌体短杆状，大小1.0-2.7×0.5-1.0(μm)，单生，单鞭毛，极生或亚极生，长约8.7μm，直径30nm，革兰氏染色阴性，无芽孢和荚膜，菌体外具粘质的胞外多糖包围。在人工培养基上菌落蜜黄色，产生非水溶性的黄色素，好气性，呼吸型代谢，不同地区的菌株致病力不同。自然条件下，病菌可侵染栽培稻、野生稻、李氏禾、茭白等禾本科植物。病菌血清学鉴定分三个血清型：Ⅰ型是优势型，分布全国。Ⅱ、Ⅲ型仅存在于南方个别稻区。病菌生长温限17-33℃，最适25-30℃，最低5℃，最高40℃，病菌最适宜pH6.5-7.0。
  传播途径和发病条件:  带菌种子、带病稻草和残留田间的病株稻桩是主要初侵染源。李氏禾等田边杂草也能传病。细菌在种子内越冬，播后由叶片水孔、伤口侵入，形成中心病株，病株上分泌带菌的黄色小球，借风雨、露水、灌水、昆虫、人为等因素传播。病菌借灌溉水、风雨传播距离较远，低洼积水、雨涝以及  灌漫灌可引起连片发病。晨露未干病田操作造成带菌扩散。高温高湿、多露、台风、暴雨是病害流行条件，稻区长期积水、氮肥过多、生长过旺、土壤酸性都有利于病害发生。一般中稻发病重晚稻，籼稻重于粳稻。矮秆阔叶品种重于高秆窄叶品种，不耐肥品种重于耐肥品种。水稻在幼穗分化期和孕期易感病。 
  防治方法:  (1)选用适合当地的2-3个主栽抗病品种。早稻抗病品种有：嘉育280，皖稻61号，赣早籼40号，中优早81号，湘早籼21号、22号，培两优288，桂引901。中稻抗病品种有：嘉45号，秀水1067，皖稻28，皖稻32、34、36、36、38、59、61号，汕优多系1号，湘粳2号，七袋占1号，八桂占2号，三培占1号，航育1号。晚稻抗病品种有：沈农514，滇籼13号、14号，滇粳糯39号，滇粳40号，宁粳15号、16号、17号，宁糯4号等。山东表现中抗的品种有H301。粳稻品种对我国7个白叶枯病菌株(致病型1-7)抗至中抗的品种有：DP5165，95鉴27，加45，95鉴25，96鉴35，宁93-38，宁波2号，台537，D602等。(2)加强植物检疫，不从病区引种，必须引种时，用1%石灰水或80%402抗菌剂2000倍液浸种2天或50倍液的福尔马林浸种3小时闷种12小时，洗净后再催芽。也可选用浸种灵乳油2ml，对水10-12L，充分搅匀后浸稻种6-8kg，浸种36小时后催芽中。还可用中生菌素100倍液，升温至55℃，浸种36-48小时后催芽播种。(3)农业防治，提倡施用酵素菌沤制的堆肥，加强水浆管理，浅水勤灌，雨后及时排水，分蘖期排水晒田，秧田严防水淹。妥善处理病稻草，不让病菌与种、芽、苗接触，清除田边再生稻株或杂草。(4)药剂防 治。发现中心病株后，开始喷洒20%叶枯宁(叶青双)可湿性粉剂，每667m2用药100g，对水50L，用叶枯宁防效上不去时，可在施用叶枯宁同时混入硫酸链霉素或农用链霉素4000倍液或强氯精2500倍液，防效明显提高。此外，每667m2还可选用10%氯霉素100g或70%叶枯净(杀枯净)胶悬剂100-150g、25%叶枯灵(渝-7802)可湿性粉剂175-200g，对水50-60L喷洒。也可在5叶期和水稻移栽前5天，各喷中生菌素500倍液1次或用50%氯溴异氰尿酸水溶性粉剂(消菌灵)，每667m2用量为25-50g，对水50kg喷雾。"
大绿蝽,http://www.cgris.net/disease/01－水稻/images/0503%20水稻大绿蝽成虫.jpg,"水稻大绿蝽　  
  学名: Rhynchocoris  humeralis(Thunberg)半翅目，蝽科。别名角肩蝽象、角肩蝽、长吻蝽、棱蝽。分布在江苏、浙江、湖北、江西、湖南；福建、台湾、广东、广西、贵州、四川等省。  寄主  水稻、粟、高粱、玉米、甘蔗、茶、柑桔类、苹果、梨、沙果等。  
  为害特点: 成、若虫吸食稻株汁液，秧苗受害，有如火烧状焦萎；分蘖期受害，造成枯心死苗；抽穗期受害，造成秕谷或白穗。  
  形态特征: 成虫体长22mm左右，绿色，长盾形。触角丝状5节。前胸背板前缘两侧成角状突出，“肩”的边缘黑色，其上具许多黑色粗大刻点。小盾片长，大舌形。卵淡绿色，球形。若虫5龄，1—3龄淡黄至赤黄色，具黑斑。4龄胸部绿色，腹部黄色，翅芽显著。5龄全体绿色。 
  生活习性: 南方年生1代，以成虫在果树枝叶茂密处及建筑物等各种缝隙隐蔽处越冬。翌年4月开始出蛰活动，5—10月产卵，7月产卵最多，多产于叶面，常14粒聚成块，排列整齐。8月为若虫盛发期，1龄群集不取食，2龄开始取食，2、3龄常3—5头群集，4、5龄分散活动取食。11月大部分羽化为成虫，为害至12月上旬开始陆续越冬。天敌有桔棘蝽、平腹小蜂、黄谅蚁、螳螂和蜘蛛。 
  防治方法:  (1)早晚捕杀成虫和若虫。(2)摘除卵块和初孵若虫。(3)药剂防治  越冬成虫出蛰后产卵前，若虫孵化至3龄期为防治关键时期。喷洒50％敌敌畏乳油800—1000倍液或50％对硫磷乳油1500—2000倍液、2.5％敌杀死乳油3000倍液、20％灭扫利乳油3000倍液、50％马拉硫磷乳油1000-1500倍液。(4)保护利用天敌。"
周斑水虹,http://www.cgris.net/disease/01－水稻/images/0533%20水稻-周斑水虻幼虫为害稻根.jpg,"水稻周斑水虹　
  学名:Stratiomyia choui(Lindner)双翅目，水虹科。分布辽宁、黑龙江、陕西。寄主 新近发现该虫为害水稻。
  为害特点:幼虫群聚在水稻幼苗根部，为害茎基部，致茎基部腐烂或折断。 
  形态特征:成虫体长15-16mm，体黑色。头顶触角上方有黄色斑2块，单眼后头有1黄色，小盾片黄色至深黄色，腹背各节为黄黑相间之色斑。触角7节，基节为触角全长的3，第2节短，第6节近梯形，7节呈三角形。足的胫节基部、跗节为黄色外，余黑色。小片后缘具角状突起2个。卵长圆形，浅黄色，数百粒成堆。末龄幼虫体长52—58mm，灰色，长纺锤形，后部渐变细，身体由12节组成，末节最长，体壁粗糙。腹部气门位于节面纵沟中。裸蛹形态与幼虫近似，外被蛹壳，形状与幼虫相似。
  生活习性:不祥。仅见辽宁5—6月水稻插秧期前后，幼虫群集在稻苗根部，成虫羽4t喜欢栖息在稻田或在附近的豆地里。
  防治方法: 待研究。　"
稻黑蝽,http://www.cgris.net/disease/01－水稻/images/0504%20水稻-稻黑蝽成虫.jpg,"水稻稻黑蝽　  
  学名: Scotinopharalurida(Burmeister)属半翅目，蝽科。分布在河北南部、山东和江苏北部、长江以南各省区。  寄主  主害水稻，也为害小麦、粟、玉米、甘蔗、豆类、马铃薯、柑桔等。  
  为害特点: 成、若虫刺吸稻茎、叶和穗部汁液，受害处产生黄斑，严重的分蘖和发育受抑，造成全株枯死。近几年随农田生态环境变化，作物布局的改变，该虫为害逐年加重。 
  形态特征: 成虫体长8.5—10mm，宽4.5—5mm，长椭圆形，黑褐色至黑色，头中叶与侧叶长相等，复眼突出，喙长达后足基节间。前胸背板前角刺向侧方平伸。小盾片舌形，末端稍内凹或平截，长几达腹部末端，两侧缘在中部稍前处内弯。卵近短桶形，红褐色，大小0，9×0.8(mm)，假卵块圆突，四周有小齿状的呼吸精孔突40—50枚；卵壳网状纹上具小刻点，被有白粉。1龄若虫头胸褐色，腹部黄褐色或紫红色，节缝红色，腹背具红褐斑，体长1.3mm。3龄若虫暗褐至灰褐色，腹部散生红褐小点，前翅芽稍露，体长3.3mm。5龄若虫头部、胸部浅黑色，腹部稍带绿色，后翅芽明显，体长7.5—8.5mm。 
  生活习性: 江苏、浙江年生1代，江西2代，广东2—3代。以成虫及少数高龄若虫在石块下、土缝内5-10cm处或杂草根际、稻桩间、树皮缝等处越冬。翌年初夏出蛰，群集在水稻上为害。成、若虫喜在晴朗的白天潜伏在稻丛基部近水面处，傍晚或阴天上到叶片或穗部吸食，把卵聚产在稻株距水面6—9cm处的叶鞘上，卵块多由14粒，排成2行。每雌产卵75粒。生长旺盛、叶色浓绿的早播田，丘陵、山区垄田发生较重。天敌主要有稻蝽黑卵蜂、白僵菌、猎熔、蜘蛛、青蛙等。
  防治方法:  (1)利用成虫把卵产在近水面稻茎上和卵在水中浸孢24小时即不能孵化的特点，在产卵期先适当排水，降低产卵位置，然后灌水至10—13cm，浸孢24小时，隔3—4天再排灌1次，连续进行4—5次可杀死大量卵块。(2)在低龄若虫期喷洒2.5％保得乳油1500倍液或20％氰戊菊酯乳油2000倍液190％晶体敌百虫800倍液，15天后再防1次。如用10％吡虫琳(一遍净)可湿性粉剂2000倍液，见效虽然较慢，但持效期长达25—30天，生产上可以推广应用。"
稻水象甲,http://www.cgris.net/disease/01－水稻/images/0534%20水稻-稻水象甲成虫（左）和幼虫.jpg,"水稻稻水象甲　
  学名:Lissorhoptrus oryzophilus Kuschel属鞘翅目，象甲科。分布在河北、广西、广台湾等省。寄主 水稻、英白、玉米、甘蔗、小麦、大麦、牧草、禾本科杂草等。
  为害特点:成虫食害叶片，幼虫破坏根系，为害根部呈孔洞，使植株黄化枯萎。
  形态特征:雌成虫体长约3mm，体表被覆浅绿色至灰褐色鳞片。从前胸背板端部至基有一大口瓶状暗斑由黑鳞片组成，沿鞘翅基部向下至鞘翅3／4处具1黑斑，触角赤褐色，节6节，棒基处无毛，棒端密生细毛。前胸腹板上无沟，中足胫节生有白长毛。卵圆柱形，白色。幼虫体长8mm，白色，在第2腹节至7腹节的背面各具1对突起，幼虫共4龄。蛹色。
  生活习性:南方年生2代，成虫在田边、草丛、树林落叶层中越冬。翌春成虫开始环杂草叶片或栖息在茭白、水稻等植株基部，黄昏时爬至叶片尖端，在水下的植物组织内产产卵期1个月，产卵量50—100粒，卵期6-10天，初孵幼虫取食叶肉1-3天，后落入水蛀入根内为害，幼虫期30一40天。老熟幼虫附着于根际，营造卵形土茧后化蛹，蛹期7—天。主要通过运送稻草等进行远距离传播，成虫飞翔或借水流也能蔓延。 
  防治方法: (1)越冬场所稻水象甲及一代成虫的防治。河北一般于4月底一5月中旬部分成虫爬到杂草植株上后施用50％稻乐丰乳油，每667m2用500ml，对水40一50kg，百效压低发生基数。也可选用3％映喃丹颗粒剂或3％甲基异硫磷颗粒剂，每667m2 1.5—21(2)本田一代成虫的防治。一代成虫具有很强的趋光性和飞翔能力，7月中旬一8月中旬于时-20时喷洒上述杀虫剂。(3)重视农业防治。水稻收获后，还有很多成虫残留在稻茬或稻田土层内越冬，为此及时翻耕土地，可降低其越冬存活率。(4)提倡施用4％DJ复合粒剂。于水稻缓秧后7—10天撤施，每667m2 3kg，该药扩散溶解的药膜对成虫产在近水层的卵有杀伤力，残效30天以上，对根际幼虫控制效果85％左右，且可兼治二化螟和水稻潜叶蝇。此外每667m2可施用20％多来宝乳油30一40ml或40％水胺硫磷乳油100ml。"
稻褐飞虱,http://www.cgris.net/disease/01－水稻/images/0505%20水稻-稻褐飞虱田间为害水稻状.jpg,"水稻稻褐飞虱　  
  学名: Nilaparvata lugens  (Stdl)同翅目，飞虱科。分布北起吉林，沿辽宁、河北、山西、陕西、宁夏至甘肃，西向由甘肃折入四川、云南、西藏。寄主  水稻。 
  为害特点: 成、若虫群集于稻丛下部刺吸汁液；雌虫产卵时，用产卵器刺破叶鞘和叶片，易使稻株失水或感染菌核病。排泄物常遭致霉菌滋生，影响水稻光合作用和呼吸作用，严重的稻株干枯。俗称“冒穿”、“透顶”或“塌圈”。严重时颗粒无收。 
  生活习性: 海南年生12—13代，世代重叠常年繁殖，无越冬现象。广东、广西、福建南部年生8—9代，3—5月迁入；贵州南部6—7代，4—6月迁入；赣江中下游、贵州、福建中北部、浙江南部5—6代，5—6月迁入；江西北部、湖北、湖南、浙江、四川东南部、江苏、安徽南部4—5代，6—7月上中旬迁入；苏北、皖北、鲁南2—3代，7—8月迁入；35。以北的其它稻区1一2代，也于7—8月迁入。我国广大稻区主要虫源随每年害、夏暖湿气流由南向北迁入和推进，每年约有5次大的迁飞行动，秋季则队北向南回迁。17℃以下卵历期17天以上，23—24℃9天，27—30℃7—8天。若虫24—26℃历期为15—16天。短翅型成虫属居留型，长翅型为迁移型。羽化后不久飞翔力强，能随高空水平气流迁移，春、夏两季向北迁飞时，飞行高度1500—2000m，空气湿度高利其迁飞，飞行起始温度18.2℃左右。成虫对嫩绿水稻趋性明显，雄虫可行多次交配，24—27℃时，羽化后2—3天开始交配，每雌平均产卵200—700粒，水稻生长期间各世代平均寿命10一18天，田间增殖倍数每代10一40倍。成、若虫喜阴湿环境，喜欢栖息在距水面10cm以内的稻株上，田间虫口每丛高于0，4头时，出现不均匀分布，后期田间出现塌圈枯死现象。水稻生长后期，大量产生长翅型成虫并迁出，1—3龄是翅型分化的关键时期。近年我国各稻区由于耕作制度的改变，水稻品种相当复杂，生育期交错，利于该虫种群数量增加，造成严重为害。该虫生长发育适温为20一30℃，26℃最适，长江流域夏季不热，晚秋气温偏高利其发生，褐飞虱迁入的季节遇有雨日多、雨量大利其降落，迁入时易大发生，田间阴湿，生产上偏施、过施氮肥，稻苗浓绿，密度大及长期灌深水，利其繁殖，受害重。天敌有稻虱缨小蜂、褐腰赤眼蜂、稻虱红螯蜂、稻虱索线虫、黑肩绿盲蝽等。 
  防治方法:  (1)做好测报工作，搞好迁入趋势分析，种植时统一规划，合理布局，减少虫源。(2)加强田间肥水管理，防止后期贪青徒长，适当烤田，降低田间湿度。(3)选育推广抗虫丰产品种，防止褐飞虱新生物型出现。如中国杂交稻汕优6号，在褐飞虱生物型I的地区受害轻。此外，可因地制宜选用湘早釉1号、3号，广优青，七桂早25，威优35，Ⅱ优46，D优64，威优64，南京14，扬稻3号，水源290，秀水620等抗虫品种。(4)保护利用天敌。(5)在若虫孵化高峰至2—3龄若虫发生盛期，及时喷洒2，5％扑虱蚜可湿性粉剂或25％扑虱灵可湿性粉剂，早稻、早中稻、晚稻田每667m2 20-30g，迟中稻田50g，或10％多来宝悬浮剂50—100ml，也可用10％二遍净(吡虫啉)可湿性粉剂2000倍液(667m2用药10—208对水60kg)，1—30天防效90％以上，持效期30天。此外，用80％杀虫单粉剂35—408，早期防治效果优于叶蝉散，且可以兼治其它害虫。提倡施用20％康福多浓可溶剂，每667m2 6—8ml或40％灭抗铃乳油30-40g，10％大功臣可湿性粉剂，每667m2用有效成分2g防治稻飞虱，兼治叶蝉和蓟马。也可选用75％虱螟特可湿性粉剂(杀虫单加噻嗪酮)650g/hm2防治飞虱，兼治二化螟，三化螟、稻纵卷叶螟。"
长腿水叶甲,http://www.cgris.net/disease/01－水稻/images/0535%20水稻长腿水叶甲幼虫（左）和鳃蚯蚓.jpg,"水稻长腿水叶甲　
  学名:Donacia provosti Fairmaire 属鞘翅目，负泥甲科。别名稻食根叶甲、稻食根虫、食根蛆、车兜虫、饭米虫、饭豆虫、下涝虫。分布在黑龙江、辽宁、北京、河北、陕西、山东、河南、江苏、安徽、浙江、湖北、江西、福建、台湾、广东、海南、四川、贵州。稻食根叶甲在我国另外还有3种：即短腿食根叶甲(D。frontalis)，分布在黑龙江、北京、河北、山西、江苏、江西、福建、广西；多齿食根叶甲(D.lenzi)，分布在江苏、安徽、湖北、江西、湖南、台湾；云南食根叶甲(D.  tuberfrons)，分布在云南、四川。寄主 稻根、英白、矮慈姑、莲藕、稗、眼子菜、鸭舌草等。
  为害特点:幼虫为害须根，成虫取食叶片，受害后植株矮小黄瘦，须根腐烂。
  形态特征:长腿水叶甲成虫体长6—9mm，宽2—3.2mm。体绿褐色，基色淡棕色，具金属光泽。头部铜绿到紫黑色；触角不完全棕色，一般各节基部棕红或淡棕，端部黑褐；前胸背板铜绿或金绿；鞘翅底色棕黄或棕栗，带绿色光泽，有的金绿、有的蓝绿；足棕红或淡棕，腿节背面后半部具金属深蓝色大斑；腹面被银色毛。头被细刻点及毛；额瘤隆起。触角第1节很膨大。前胸背板近方形，表面较光洁，具粗细不一的横皱纹。小盾片三角形，中纵区无毛。鞘翅表面光洁无皱纹，基半部刻点较端半部的粗。后足腿节较细长，基部细狭，中后部膨大，端部具一大齿。本种与其余3种的区别为：短腿食根叶甲头额瘤显著，腿节短粗，鞘翅后部与两侧突然收狭；云南食根叶甲额瘤顶端突出，前胸背板刻点及皱褶较粗，雌虫末端中部呈锥状突出；多齿食根叶甲触角第2节与第3节长度接近，头额瘤不如上述三种明显，后腿节端部除一大齿外，尚有若干小齿，鞘翅全部金属色，无棕栗底色。卵长椭圆形，稍扁平，排成卵块状，淡黄色，每块约20粒。末龄幼虫体长9—10mm，头小，腹部肥大，略弯曲，体白色，具3对胸足，无腹足，尾端具尾钩1对。蛹白色，长8mm左右，外有胶质薄茧，红褐色。 
  生活习性:大多地区年生1代，北方部分地区1年多或2年1代，以幼虫在藕根、节间或有水的土下16—30cm处越冬，翌年15cm处土温稳定在18℃以上，幼虫爬至土表为害，土温23℃为害最盛。苏北4月下旬一5月上旬幼虫开始取食，5—8月化蛹，7月进入羽化和成虫产卵盛期，7月下旬至8月上旬进入孵化盛期，10月开始越冬；江西为害期则较前提早半个月左右，湖北5月初一6月上中旬为害莲藕，6月后出现各虫态，7月成虫渐多。卵多产在眼子菜、稻、莲、长叶泽泻叶背面，卵期6—9天，长者11天，多在中午或晚20时孵化，其中14—18时最多，孵后下爬至土中为害嫩根，严重的1条地下茎有虫数十条，幼虫期10个多月，成熟后形成薄茧化蛹，蛹期15—17天，成虫在土中羽化爬至水面，在叶片上停息，经1—3天即行交配和产卵，产卵期4—8天，成虫寿命7-11天，每雌平均产卵130粒，成虫有假死性，但很活泼。
  防治方法: (1)冬季排除藕田、慈姑田积水，可使越冬虫口减少。(2)实行水旱轮作，清除田间杂草，翻地时把眼子菜、鸭舌草等水生植物压入泥中，每667m2撒石灰100kg，再耕耙。(3)成虫盛发期用眼子菜等诱集成虫，产卵后集中烧毁或深埋。(4)在为害初期进行根区土层施药，茶子饼粉，每667m2撤20kg，也可用50％辛硫磷颗粒剂，每667m2 3kg或50％ 辛硫磷乳油160ml，对水1.5kg稀释后均匀喷在30kg细干土中制成毒土于午后或傍晚撒在放净水的田中，翌日放水深为3.3cm润田，3天后恢复正常水浆管理。"
白背飞虱,http://www.cgris.net/disease/01－水稻/images/0510%20水稻长翅型白背飞虱左雄右雌.jpg,"水稻白背飞虱　  
  学名: Sogatella furcifera(Horv6th)属同翅目，飞虱科。分布在中国英白、水稻种植区。  寄主  水稻、英白、玉米、大麦、小麦、甘蔗、高梁、稗草、早熟禾等。  
  为害特点: 同褐飞虱。  
  形态特征: 长翅型雄虫体长3.2—3.8mm，浅黄色，有黑褐斑。头顶前突，前胸、中胸背板侧脊外方复眼后具l新月形暗褐色斑，中胸背板侧区黑褐色，中间具黄纵带，前翅半透明，端部有褐色晕斑；翅病、颜面、胸部、腹部腹面黑褐色。长翅型雌虫体长4—4.5mm，体多黄白色，具浅褐斑。卵新月形，长0.7-0.8mm。若虫共5龄，末龄若虫灰白色，长约2.9mm。 
  生活习性: 新疆、宁夏年生1—2代，东北2—3代，淮河以南3—4代，长江流域4—7代，岭南7—10代，海南南部11代，属迁飞性害虫。最初虫源是从南方迁来。迁入期从南向北推迟，有世代重叠。该虫长翅型成虫飞翔力强，每雌产卵85粒左右，当田间每代种群增长约2—4倍，田间虫口密度高时即迁飞转移。 
  防治方法:  (1)选用赣早釉42号等抗白背飞虱的抗虫品种。(2)其它方法参见褐飞虱。"
鳃蚯蚓,http://www.cgris.net/disease/01－水稻/images/0535%20水稻长腿水叶甲幼虫（左）和鳃蚯蚓.jpg,"水稻鳃蚯蚓　
  学名:Branchiura sowerbyi Beddard属环形动物门，贫毛纲，原始贫毛目。俗称红砂虫、鼓泥虫。分布在全国各地。寄主 水稻及各种蔬菜。
  为害特点:在稻田或水生蔬菜田的泥土中取食腐植质，虽然不直接为害稻苗，但由于其身体鳃部在泥土中翻动，常把种子翻埋土下，不再发芽，或致幼苗倒伏，造成缺苗断垄。
  形态特征:成虫体长50—80mm，红色至红褐色，体节多于120个，在身体后部60-70节背腹正中线上，生有细长的丝状鳃，身体前部埋在土壤中，后部有鳃的部分则伸出土外，呈波形摆动，进行呼吸，遇有惊扰时缩入土中。
  生活习性:在低洼、腐殖质多的烂泥田及过水田发生多，常20—30头群居，多时可达100头以上，烂泥层浅的沙土地发生少，早春地表10cm处气温达12℃时开始活动，逐渐转向地表。20℃时最活跃。当土温达到21℃，土壤相对湿度高于50％时，尤其是春季地表温度高于深层土温时，湿度大，蚯蚓则上升到地表活动和繁殖，部分鳃毛伸出泥外，作波状摆动，在24小时能排出粪泥20-30次，这时对幼苗容易造成伤害。
  防治方法:  (1)用0.1％茶枯水淋根部，每667m2秧苗，用茶枯5-10kg对水250-300kg即可控制其为害。(2)喷洒融杀幼蜗可湿性粉剂150倍液防治蛆则有效。(3)采用化学药剂 防治时，每667m2用50％辛硫磷乳油50ml或90％晶体敌百虫508、80％敌敌畏乳油100ml，先用少量水稀释后再拌细砂30kg撒施，也可用上述剂量对水60kg喷雾。(4)鳃蚯蚓为害重的地区，要施足充分腐熟的有机肥，实行间歇灌水或水旱轮作等农业措施。"
灰飞虱,http://www.cgris.net/disease/01－水稻/images/0513%20水稻灰飞虱5龄若虫（左）和雄虫头部放大.jpg,"水稻灰飞虱 　 
  学名:Laodelphax striatellus(Fallen)同翅目，飞虱科。分布在中国各省，长江中下游和华北发生多。  寄主 水稻、英白、小麦、大麦、玉米、高粱、甘蔗、看麦娘、稗草等禾本科植物。  
  为害特点:成、若虫刺吸水稻等寄主汁液，引起黄叶或枯死。 
  形态特征:长翅型雌虫体长3.3—3.8mm，短翅型体长2.4—2.6mm，浅黄褐色至灰褐色，头顶稍突出，长度略大于或等于两复眼之间的距离，额区具黑色纵沟2条，额侧脊呈弧形。前胸背板、触角浅黄色。小盾片中间黄白色至黄褐色，两侧各具半月形褐色条斑纹，中胸背板黑褐色，前翅较透明，中间生1褐翅斑。卵初产时乳白色略透明，后期变浅黄色，香蕉形，双行排成块。末龄若虫体长2.7mm，前翅芽较后翅芽长，若虫共5龄。 
  生活习性:湖北、四川、江浙、上海年生5—6代，福建7—8代,北方4—5代，在福建、两广、云南冬季3种虫态可见，其它地区多以3、4龄若虫在麦田、绿肥田、河边等处禾本科杂草上越冬。翌年早春旬均温高于10℃越冬若虫羽化。发育适温15—28℃，冬暖夏凉易发生。天敌有稻虱缨小蜂等。
  防治方法: (1)3月份开始调查越冬卵的数量。(2)于2月卵孵化前火烧枯叶，彻底清除田边塘沟杂草。(3)掌握在越冬代2—3龄若虫盛发时喷洒10％毗虫琳可湿性粉剂1500倍液或30％乙酰甲胺磷乳油、50％杀螟松乳油1000倍液、20％扑虱灵乳油2000倍液、50％马拉硫磷乳油或50％混灭威、20％杀灭菊酪、2.5％溴氰菊酪乳油2000倍液，在药液中加0.2％中性洗衣粉可提高防效。此外喷2％叶蝉散粉剂，每667m22kg也有效。 "
稻田棉铃虫,http://www.cgris.net/disease/01－水稻/images/0583%20棉花-棉铃虫雌成虫（左）和雄成虫.jpg,"水稻稻田棉铃虫　  
  学名: Helicoverpa armigera (Htlbner)。鳞翅目，夜蛾科。分布在全国各地。  寄主水稻、小麦、棉花等。  
  为害特点: 据江苏通州市连续3年观察，四代棉铃虫进入稻田，每m2 有虫10多头，多者20一30头，稻穗被害率5％一10％，幼虫不喜欢为害叶片，主要为害水稻穗部，把灌浆至成熟期的谷粒颖壳咬开缺口，籽粒被啃食一空，呈空壳状，谷粒上与谷粒间粘有白色石膏状虫粪。江苏省姜堰市植保站近有报道棉铃虫幼虫为害水稻，未抽穗前啮食嫩叶叶肉，少数成缺刻，抽穗后幼虫多爬至穗部咬食正在灌浆或乳熟的穗粒，应引起重视。形态特征、生活习性、
  防治方法:参见棉铃虫。"
长绿飞虱,http://www.cgris.net/disease/01－水稻/images/0512%20水稻长绿飞虱成虫栖息在叶片上.jpg,"水稻长绿飞虱　  
  学名: Saccharosydne procerus(Mateumura)属同翅目，飞虱科。分布在南、北方茭白、水稻种植区。  寄主  水稻、茭白、野茭白等。 
  为害特点:成、若虫刺吸水稻汁液，被害叶出现黄白色至浅褐色或棕褐色斑点，后叶片从叶尖向基部逐渐变黄干枯，排泄物覆盖叶面形成煤污状，雌虫产卵痕初呈水渍状，后分泌白绒状蜡粉，出现伤口后失水，植株成团枯萎，成片枯死。 
  形态特征: 雄成虫体长5—6.1mm，雌虫5.7—7mm，细长，体淡绿色，复眼、单眼黑色或红褐色；头顶突出在复眼前，细长，圆锥形，咏末端和后胫距齿黑褐色。前胸背板、中胸小盾片各具纵脊3条，整个中胸的长度与头顶、前胸之和相等，雌虫外生殖器常分泌白绒状蜡粉状物。雄虫孢器细长，剑状。卵长0.7一lmm，香蕉状，初半透明，乳白色至灰黄色。若虫共5龄，初乳白色稍透明，1龄后有蜡粉，腹端拖出的5根蜡丝似白绒状物，1、2龄无翅芽，3龄后体变绿色，4龄前翅芽短于或接近后翅芽，5龄前翅芽完全覆盖后翅芽。 
  生活习性: 吉林年生3代，江苏、江西、浙江、湖北、上海年生4—5代，2、3代后世代重叠，以滞育卵在秋英白、野英白等寄主叶脉、叶鞘内或枯叶中越冬。湖北越冬卵于4月上中旬开始孵化，4月下旬至5月上旬进入盛期，6月上旬始见成虫，第一代发生期在6月上旬一7月下旬，第二代7月上旬至9月上旬，第三代8月中旬一10月中旬。越冬代卵期6—8个月，一代22—26℃卵期10—12天，若虫历期15—22℃时26—38天，产卵历期9—25天，产卵开始2—3天后进入产卵高峰期，成虫寿命3—7天。天敌有寄生蜂、蜘蛛、草蛉、瓢虫、青蛙等。 
  防治方法:  (1)3月份开始调查越冬卵的数量。(2)于2月卵孵化前火烧水稻枯叶或全面割除，彻底清除田边塘沟杂草。(3)掌握在夏稻越冬代2—3龄若虫盛发时喷洒10％毗虫琳可湿性粉剂2500倍液或30％乙酰甲胺磷乳油、50％杀螟松乳油1000倍液、20％扑虱灵乳油2000倍液，5％锐劲特胶悬剂每667m220ml或90％杀虫丹原粉，每667m250一60g对水喷雾，20％杀灭菊酯或2.5％溴氰菊酪乳油2000倍液，在药液中加0.2％中性洗衣粉可提高防效。也可选用75％虱螟特可湿性粉剂650g小m2，防治稻飞虱，兼治二化螟、三化螟、稻纵卷叶螟。此外喷2％叶蝉散粉剂，每667m22kg也有效。"
福寿螺,http://www.cgris.net/disease/01－水稻/images/0536%20水稻福寿螺的卵和成螺.jpg,"水稻福寿螺　
  学名:Ampullaria gigas Spix系大型水生螺类。异名义Ampullarium crosseana、Pomaceacineata、Pomacea canaliculata、A.insularus。分布在广东、广西、福建、海南、台湾等省。 寄主 水稻、茭白、菱角、空心菜、芡实等水生作物及水域附近的甘薯等旱生作物。
  为害特点:孵化后稍长即开始啮食水稻等水生植物，尤喜幼嫩部分。福寿螺是新的有害生物。水稻插秧后至晒田前是主要受害期。它咬剪水稻主蘖及有效分蘖，致有效穗减少而造成减产。
  形态特征:贝壳外观与田螺相似。具一螺旋状的螺壳，颜色随环境及螺龄不同而异，有光泽和若干条细纵纹，爬行时头部和腹足伸出。头部具触角2对，前触角短，后触角长，后触角的基部外侧各有一只眼睛。螺体左边具1条粗大的肺吸管。成贝壳厚，壳高7cm，幼贝壳薄，贝壳的缝合线处下陷呈浅沟，壳脐深而宽。贝雌雄同体，异体交配。卵圆形，直径2mm，初产卵粉红色至鲜红色，卵的表面有一层不明显的白色粉状物，在5—6月的气温条件下，5天后变为灰白色至褐色，这时卵内已孵化成幼螺。卵块椭圆形，大小不一，卵粒排列整齐，卵层不易脱落，鲜红色，小卵块仅数十粒，大的可达千粒以上。卵于夜间产在水面以上干燥物体或植株的表面，如茎秆、沟壁、墙壁、田埂、杂草等上，初孵化幼螺落入水中，吞食浮游生物等。幼螺发育3—4个月后性成熟，除产卵或遇有不良环境条件时迁移外，一生均栖于淡水中，遇干旱则紧闭壳盖，静止不动，长达3—4个月或更长。 
  生活习性:广州年生3代，一代幼螺生长93天开始产卵，卵期9天，孵出二代幼螺历期102天，日均温27.1℃，相对湿度88％，二代螺生长63天产卵，卵期11天，即孵出三代幼螺，历期74天，日均温29.5℃，相对湿度87％。三代螺生长至翌年3月底，共189天，仍为幼螺，日平均温度18.2℃，相对湿度78％，各代螺重叠发生。螺龄为20一80天，每只螺经10天，一代增重0.9g，二代2.398，三代0.188。一代每只雌螺平均繁殖幼螺3050只，孵化率为70.1％，二代每只雌螺平均繁殖幼螺1068只，孵化率59.4％，1只雌螺经1年两代共繁殖幼螺32.5万余只，繁殖力极强。
  防治方法: (1)当稻田每m2平均有螺2—3头以上时，应马上防治。在水稻移植后24小时内于雨后或傍晚每667m2施用6％密达杀螺颗粒剂0.5—0.7kg，拌细砂5一10kg撒施，施药后保持3—4cm水层3—5天。(2)施用2％三苯醋锡粒剂(TPTA)每公顷每次施用15—22.5kg，于栽植前7天施用，田水保持3cm深约1周。水温高于20℃，可用15kg；低于20℃，可提高用量，但不得超过22.5kg。也可用80％聚乙醛可湿性粉剂(Metaldehyde)，每公顷每次1.2kg，于栽植前1—3天，加水稀释，一次施用，田水保持1—3cm深约7天，气温要求高于20℃时施用。(3)每667m2施用8％灭蜗灵颗粒剂1.5—2kg，碾碎后拌细土或饼屑5—7.5kg，于温暖、土表干燥的傍晚撒于受害植株根部，2—3天后，接触过药剂的福寿螺分泌大量粘液而死亡。防治适期，以产卵前为宜。"
