»ù¸¯²¡,http://www.cgris.net/disease/05£­¶¹Àà/images/0385%20Íã¶¹»ù¸¯²¡.jpg,http://www.cgris.net/disease/05£­¶¹Àà/0385%20Íã¶¹»ù¸¯²¡.htm
ºÚ°ß²¡,http://www.cgris.net/disease/05£­¶¹Àà/images/0386%20Íã¶¹ºÚ°ß²¡²¡Ò¶.jpg,http://www.cgris.net/disease/05£­¶¹Àà/0386%20Íã¶¹ºÚ°ß²¡.htm
°×·Û²¡,http://www.cgris.net/disease/05£­¶¹Àà/images/0390%20Íã¶¹°×·Û²¡²¡Ò¶.jpg,http://www.cgris.net/disease/05£­¶¹Àà/0390%20Íã¶¹°×·Û²¡.htm
ºÖ°ß²¡,http://www.cgris.net/disease/05£­¶¹Àà/images/0387%20Íã¶¹ºÖ°ß²¡²¡Ò¶.jpg,http://www.cgris.net/disease/05£­¶¹Àà/0387%20Íã¶¹ºÖ°ß²¡.htm
»ÒÂ¶²¡,http://www.cgris.net/disease/05£­¶¹Àà/images/0391%20Íã¶¹»ÒÃ¹²¡²¡Ò¶.jpg,http://www.cgris.net/disease/05£­¶¹Àà/0391%20Íã¶¹»ÒÂ¶²¡.htm
ÑÌÇà³æ ,http://www.cgris.net/disease/05£­¶¹Àà/images/1205%20ÑÌ²İ-ÑÌº¦³æ£¨ÑÌÊµÒ¹¶ê£©Ó×³æ.jpg,http://www.cgris.net/disease/05£­¶¹Àà/ÑÌÇà³æ.htm
Ğâ²¡,http://www.cgris.net/disease/05£­¶¹Àà/images/0388%20Íã¶¹Ğâ²¡²¡Ò¶.jpg,http://www.cgris.net/disease/05£­¶¹Àà/0388%20Íã¶¹Ğâ²¡.htm
Ï¸¾úĞÔÒ¶°ß²¡,http://www.cgris.net/disease/05£­¶¹Àà/images/0397%20Íã¶¹Ï¸¾úĞÔÒ¶°ß²¡.jpg,http://www.cgris.net/disease/05£­¶¹Àà/0397%20Íã¶¹Ï¸¾úĞÔÒ¶°ß²¡.htm
ËªÃ¹²¡,http://www.cgris.net/disease/05£­¶¹Àà/images/0392%20Íã¶¹ËªÃ¹²¡²¡Ò¶.jpg,http://www.cgris.net/disease/05£­¶¹Àà/0392%20Íã¶¹ËªÃ¹²¡.htm
»¨Ò¶²¡,http://www.cgris.net/disease/05£­¶¹Àà/images/0398%20Íã¶¹»¨Ò¶²¡¶¾²¡.jpg,http://www.cgris.net/disease/05£­¶¹Àà/0398%20Íã¶¹»¨Ò¶²¡.htm
¿İÎ®²¡,http://www.cgris.net/disease/05£­¶¹Àà/images/0393%20Íã¶¹¿İÎ®²¡²¡Öê.jpg,http://www.cgris.net/disease/05£­¶¹Àà/0393%20Íã¶¹¿İÎ®²¡.htm
»Æ¶¥²¡,http://www.cgris.net/disease/05£­¶¹Àà/images/0399%20Íã¶¹»Æ¶¥²¡Ö¢×´.jpg,http://www.cgris.net/disease/05£­¶¹Àà/0399%20Íã¶¹»Æ¶¥²¡.htm
¸ù¸¯Â÷,http://www.cgris.net/disease/05£­¶¹Àà/images/0394%20Íã¶¹-»¨ÂéÍã¶¹¸ù¸¯²¡Ìï¼ä·¢²¡ÇéĞÎ.jpg,http://www.cgris.net/disease/05£­¶¹Àà/0394-0395%20Íã¶¹¸ù¸¯Â÷.htm
²¡¶¾²¡ ,http://www.cgris.net/disease/05£­¶¹Àà/images/0400%20Íã¶¹£¨BBWV£©²¡¶¾²¡.jpg,http://www.cgris.net/disease/05£­¶¹Àà/0400%20Íã¶¹(BBWV)²¡¶¾²¡.htm
ÃçºË²¡ ,http://www.cgris.net/disease/05£­¶¹Àà/images/0396%20Íã¶¹¾úºË²¡.jpg,http://www.cgris.net/disease/05£­¶¹Àà/0396%20Íã¶¹ÃçºË²¡.htm
